alnpos	freqnongap	info(bits)	ref_nt	info_rolling	freqnongap_rolling
1	1.0	1.64664066	1		
2	1.0	0.7270944	2		
3	1.0	0.46708544	3		
4	1.0	1.30015716	4		
5	0.73333333	1.31596156	5		
6	0.73333333	1.15464906	6		
7	1.0	1.16335926	7		
8	1.0	1.16335926	8		
9	1.0	1.64664066	9		
10	1.0	1.64664066	10		
11	1.0	1.43349049	11	1.1546217723809524	0.8634920623809524
12	1.0	0.9610794	12	1.0794048571428572	0.8634920623809524
13	1.0	1.43349049	13	1.1400194095238096	0.8634920623809524
14	1.0	1.27807191	14	1.165549072857143	0.8634920623809524
15	0.73333333	1.15464906	15	1.1655490728571427	0.8634920623809524
16	0.73333333	0.6514121	16	1.1981223319047618	0.8761904752380952
17	0.73333333	0.90420474	17	1.1777625861904764	0.8888888880952381
18	0.73333333	1.31596156	18	1.1744794185714287	0.8888888880952381
19	0.73333333	2.0	19	1.2143194538095239	0.8888888880952381
20	0.4	0.54085208	20	1.2143194538095239	0.8888888880952381
21	0.6	0.34225727	21	1.1816736795238096	0.8888888880952381
22	1.0	0.06708544	22	1.1585083428571428	0.8888888880952381
23	1.0	2.0	23	1.1578387723809525	0.8888888880952381
24	1.0	1.00320837	24	1.1461831242857141	0.8539682533333333
25	1.0	1.30015716	25	1.1050862476190477	0.8158730152380952
26	1.0	2.0	26	1.1453410542857143	0.8285714280952382
27	1.0	0.7270944	27	1.1414893685714287	0.841269840952381
28	1.0	1.09441274	28	1.1191178938095239	0.8539682538095238
29	1.0	2.0	29	1.1183653033333332	0.8666666666666666
30	1.0	1.64664066	30	1.0888709133333332	0.8730158733333333
31	1.0	0.9610794	31	1.1406764176190476	0.8984126985714286
32	1.0	0.94701842	32	1.2019388176190475	0.9142857142857143
33	1.0	0.94701842	33	1.219855858095238	0.911111110952381
34	0.26666667	1.18872188	34	1.1337034757142856	0.9079365076190475
35	0.2	0.4150375	35	1.1634920138095237	0.9047619042857142
36	1.0	2.0	36	1.1791401333333336	0.9015873009523809
37	1.0	0.5705267	37	1.1614624033333332	0.8984126976190476
38	1.0	0.43440377	38	1.1863819433333334	0.8952380942857142
39	1.0	1.30015716	39	1.1776370471428572	0.8920634909523809
40	0.86666667	1.38061781	40	1.1026647885714287	0.8888888876190476
41	0.93333333	1.62876767	41	1.0913165295238096	0.8857142842857142
42	0.93333333	1.62876767	42	1.0860825176190476	0.8825396809523809
43	0.93333333	0.44334329	43	1.0745180028571428	0.8793650776190476
44	0.93333333	0.19079997	44	1.062953488095238	0.8761904742857143
45	0.93333333	1.62876767	45	1.0320388900000002	0.9047619028571429
46	0.93333333	1.62876767	46	1.0805366514285715	0.942857140952381
47	0.93333333	1.62876767	47	1.0805366514285715	0.942857140952381
48	0.93333333	1.25040474	48	1.1486068085714285	0.942857140952381
49	0.93333333	0.91076992	49	1.17301703	0.942857140952381
50	0.93333333	0.42558257	50	1.163219676666667	0.942857140952381
51	0.93333333	1.40832722	51	1.149590863809524	0.9492063471428571
52	0.93333333	0.85116515	52	1.1402919504761906	0.9523809504761905
53	0.93333333	0.70416361	53	1.1579696804761905	0.9555555538095238
54	0.93333333	0.70416361	54	1.2320961904761905	0.9587301571428571
55	0.86666667	0.53951532	55	1.3014219376190477	0.9619047604761904
56	1.0	1.43349049	56	1.3022730323809524	0.9650793638095239
57	1.0	2.0	57	1.286624912857143	0.9682539671428572
58	1.0	2.0	58	1.2592372647619048	0.9682539671428572
59	1.0	0.94701842	59	1.2949322771428573	0.9714285704761905
60	1.0	1.09441274	60	1.329973740952381	0.9746031738095239
61	1.0	1.09441274	61	1.37162015	0.9777777771428572
62	1.0	1.43349049	62	1.372818400952381	0.9809523804761905
63	1.0	2.0	63	1.362241460952381	0.9841269838095238
64	1.0	2.0	64	1.4071213204761905	0.9873015871428572
65	1.0	1.64664066	65	1.4688278152380954	0.9904761904761905
66	1.0	1.64664066	66	1.5113980614285716	0.9968253966666667
67	1.0	1.30015716	67	1.4985346695238095	0.9968253966666667
68	0.93333333	1.05362706	68	1.46520882	0.9968253966666667
69	1.0	2.0	69	1.4382321766666668	0.9968253966666667
70	1.0	1.64664066	70	1.444645783809524	0.9968253966666667
71	1.0	1.30015716	71	1.4877689866666668	0.9968253966666667
72	1.0	1.43349049	72	1.5308921895238095	0.9968253966666667
73	1.0	0.62904941	73	1.51474563	0.9968253966666667
74	1.0	1.64664066	74	1.471017257142857	0.9968253966666667
75	1.0	2.0	75	1.471017257142857	0.9968253966666667
76	1.0	1.43349049	76	1.471017257142857	0.9968253966666667
77	1.0	1.16335926	77	1.4878438923809525	0.9968253966666667
78	1.0	1.30015716	78	1.5043431066666666	0.9968253966666667
79	1.0	1.43349049	79	1.5224318414285716	1.0
80	1.0	1.08170417	80	1.4793086385714287	1.0
81	1.0	2.0	81	1.448719680952381	0.9936507938095237
82	1.0	2.0	82	1.4652188952380951	0.9936507938095237
83	1.0	1.09441274	83	1.4753689033333335	0.9936507938095237
84	1.0	1.08170417	84	1.5406522647619048	0.9936507938095237
85	1.0	2.0	85	1.5406522647619048	0.9936507938095237
86	1.0	1.64664066	86	1.5406522647619048	0.9936507938095237
87	1.0	2.0	87	1.5508022728571431	0.9936507938095237
88	1.0	1.64664066	88	1.590642308095238	0.9936507938095237
89	1.0	1.43349049	89	1.6239681576190477	0.9936507938095237
90	1.0	1.09441274	90	1.6341181657142858	0.9936507938095237
91	0.86666667	1.00427255	91	1.6778465385714285	0.9936507938095237
92	1.0	1.64664066	92	1.6610199033333335	0.9936507938095237
93	1.0	1.64664066	93	1.6610199033333335	0.9936507938095237
94	1.0	2.0	94	1.7041431061904764	0.9936507938095237
95	1.0	1.64664066	95	1.7292408333333336	0.9873015876190475
96	1.0	2.0	96	1.7292408333333336	0.9873015876190475
97	1.0	1.64664066	97	1.7460674685714286	0.958730159047619
98	1.0	2.0	98	1.7165730785714284	0.9523809528571427
99	1.0	2.0	99	1.7147690680952383	0.9460317466666666
100	1.0	1.64664066	100	1.7417457114285715	0.9460317466666666
101	1.0	2.0	101	1.7515430647619048	0.9460317466666666
102	1.0	1.64664066	102	1.7656328080952381	0.9523809528571429
103	1.0	2.0	103	1.7480819152380949	0.9523809528571429
104	1.0	2.0	104	1.7379319071428572	0.9523809528571429
105	0.86666667	1.60875644	105	1.7046060576190476	0.9523809528571429
106	1.0	2.0	106	1.6944560495238097	0.9523809528571429
107	0.4	2.0	107	1.6493906714285713	0.9492063495238096
108	0.86666667	1.38061781	108	1.6328914571428572	0.9492063495238096
109	0.86666667	1.60875644	109	1.605914813809524	0.9492063495238096
110	1.0	2.0	110	1.5467745266666668	0.9492063495238096
111	1.0	1.30015716	111	1.5237611266666666	0.9492063495238096
112	1.0	1.30015716	112	1.5069344914285714	0.9492063495238096
113	1.0	1.27807191	113	1.4967844833333335	0.9492063495238096
114	1.0	1.43349049	114	1.479957848095238	0.9492063495238096
115	1.0	1.30015716	115	1.479957848095238	0.9492063495238096
116	1.0	1.43349049	116	1.4985884938095237	0.9523809523809523
117	0.93333333	1.05362706	117	1.4985884938095237	0.911111110952381
118	1.0	1.30015716	118	1.454860120952381	0.9015873014285715
119	1.0	1.43349049	119	1.4118817447619048	0.8761904757142858
120	1.0	0.75805397	120	1.3718952685714285	0.882539681904762
121	1.0	1.16335926	121	1.2914437319047618	0.882539681904762
122	1.0	1.64664066	122	1.297792938095238	0.882539681904762
123	1.0	1.43349049	123	1.3311187876190478	0.882539681904762
124	1.0	1.64664066	124	1.3654963157142856	0.882539681904762
125	1.0	2.0	125	1.3538406676190475	0.8476190471428572
126	0.93333333	2.0	126	1.370339881904762	0.8476190471428572
127	0.13333333	2.0	127	1.3541933223809526	0.8476190471428572
128	0.2	1.08170417	128	1.3561354976190476	0.8507936504761905
129	0.33333333	0.47807191	129	1.372634711904762	0.8507936504761905
130	1.0	0.76904044	130	1.38278472	0.8507936504761905
131	1.0	0.31051773	131	1.383037352857143	0.8507936504761905
132	1.0	1.43349049	132	1.354807230952381	0.8507936504761905
133	1.0	2.0	133	1.3383080166666668	0.8507936504761905
134	1.0	2.0	134	1.36528466	0.8444444442857143
135	0.26666667	1.18872188	135	1.3821112952380952	0.8380952380952381
136	1.0	1.64664066	136	1.3177289095238094	0.8317460319047618
137	1.0	1.09441274	137	1.2701098619047617	0.7936507938095239
138	1.0	1.09441274	138	1.2086007190476191	0.831746031904762
139	1.0	1.64664066	139	1.2173514766666667	0.8666666666666666
140	1.0	1.64664066	140	1.2564983933333334	0.8984126985714286
141	1.0	0.76335926	141	1.2649735352380955	0.8984126985714286
142	1.0	0.5705267	142	1.311047543809524	0.8984126985714286
143	1.0	1.30015716	143	1.311047543809524	0.8984126985714286
144	0.86666667	2.0	144	1.267924340952381	0.8984126985714286
145	0.86666667	2.0	145	1.267924340952381	0.8571428571428571
146	0.86666667	0.6479699	146	1.2455722452380953	0.8825396823809525
147	0.13333333	1.0	147	1.2128344957142856	0.873015872857143
148	0.93333333	0.708308	148	1.1963563095238097	0.8634920633333333
149	0.93333333	1.26547008	149	1.1957511395238096	0.8539682538095238
150	1.0	1.30015716	150	1.1816243261904762	0.8444444442857143
151	1.0	0.94701842	151	1.1342324899999998	0.8317460314285715
152	1.0	1.27807191	152	1.1480887014285717	0.8190476185714287
153	1.0	1.43349049	153	1.1544701995238096	0.8031746028571428
154	1.0	1.09441274	154	1.166867620952381	0.79047619
155	0.13333333	2.0	155	1.095862151904762	0.7841269833333333
156	0.8	0.71932787	156	1.0496264095238097	0.7904761895238095
157	0.8	0.95914792	157	1.0971821600000002	0.7968253957142857
158	0.8	0.74837083	158	1.0587898300000003	0.8380952371428572
159	0.8	1.08170417	159	1.0708265633333334	0.8412698404761905
160	0.8	1.34997758	160	1.0626809757142857	0.8444444438095238
161	0.73333333	0.6514121	161	1.06102921	0.8412698404761905
162	0.73333333	1.0543397	162	1.1111711899999999	0.8380952371428572
163	0.66666667	0.70453816	163	1.0986330923809524	0.8349206338095237
164	0.73333333	1.56050301	164	1.1256097357142858	0.8317460304761904
165	0.73333333	0.50888515	165	1.0937606800000002	0.8285714271428571
166	1.0	1.02904941	166	1.0580656676190476	0.8666666652380952
167	1.0	1.64664066	167	1.1190500547619049	0.8730158714285714
168	1.0	0.19376107	168	1.1235490614285715	0.8793650776190476
169	1.0	0.9610794	169	1.1663238152380953	0.8888888871428571
170	1.0	1.09441274	170	1.1445626942857143	0.8984126966666666
171	0.93333333	1.26547008	171	1.1485394995238094	0.9079365061904762
172	0.93333333	2.0	172	1.154140849047619	0.9206349190476191
173	0.93333333	1.01477186	173	1.1823456566666668	0.9333333319047619
174	0.93333333	2.0	174	1.2440343157142857	0.9079365061904762
175	0.93333333	0.42558257	175	1.2305852157142858	0.9206349190476191
176	0.93333333	1.25040474	176	1.3015906847619048	0.933333331904762
177	0.93333333	2.0	177	1.3309997919047618	0.933333331904762
178	0.93333333	1.05362706	178	1.277750129047619	0.933333331904762
179	1.0	1.64664066	179	1.3200331338095237	0.933333331904762
180	1.0	0.62472063	180	1.352678908095238	0.933333331904762
181	1.0	1.43349049	181	1.3559620757142856	0.933333331904762
182	1.0	0.76904044	182	1.332322569047619	0.9365079352380954
183	1.0	1.64664066	183	1.332322569047619	0.9396825385714287
184	0.13333333	2.0	184	1.3355098219047619	0.942857141904762
185	1.0	1.27807191	185	1.2610904585714284	0.9460317452380954
186	1.0	2.0	186	1.301685189047619	0.9492063485714287
187	1.0	1.64664066	187	1.2897611538095237	0.9111111104761905
188	1.0	0.52839774	188	1.2897611538095237	0.8730158723809525
189	1.0	1.08170417	189	1.3179998966666666	0.8761904757142858
190	1.0	1.64664066	190	1.3078498885714285	0.8761904757142858
191	1.0	1.16335926	191	1.31272483	0.8761904757142858
192	1.0	0.76904044	192	1.2744181119047622	0.8761904757142858
193	1.0	2.0	193	1.3060585904761903	0.8761904757142858
194	1.0	1.08170417	194	1.2830451904761904	0.8761904757142858
195	1.0	0.43719337	195	1.2239049033333333	0.917460317142857
196	1.0	1.27807191	196	1.2030948823809524	0.917460317142857
197	0.13333333	1.0	197	1.176118239047619	0.917460317142857
198	0.13333333	2.0	198	1.1929448742857143	0.917460317142857
199	1.0	1.64664066	199	1.2630211723809526	0.917460317142857
200	1.0	1.43349049	200	1.2454784657142857	0.917460317142857
201	1.0	0.7270944	201	1.2353284576190477	0.917460317142857
202	1.0	0.62904941	202	1.275168492857143	0.8825396823809523
203	1.0	1.43349049	203	1.3169589795238095	0.8825396823809523
204	1.0	1.16335926	204	1.3169589795238095	0.8825396823809523
205	1.0	0.75805397	205	1.327361502857143	0.8825396823809523
206	1.0	0.84106147	206	1.4017808661904763	0.8825396823809523
207	1.0	1.43349049	207	1.419331759047619	0.8825396823809523
208	1.0	2.0	208	1.419331759047619	0.8825396823809523
209	1.0	2.0	209	1.419331759047619	0.9238095238095237
210	1.0	0.71330733	210	1.409181750952381	0.9238095238095237
211	1.0	1.43349049	211	1.419331759047619	0.9238095238095237
212	0.26666667	2.0	212	1.4631196761904761	0.9238095238095237
213	1.0	1.64664066	213	1.5284030376190476	0.9238095238095237
214	1.0	2.0	214	1.5385530457142857	0.9238095238095237
215	1.0	1.30015716	215	1.561566445714286	0.9238095238095237
216	1.0	2.0	216	1.5937300895238096	0.9238095238095237
217	1.0	1.64664066	217	1.6320910033333336	0.9238095238095237
218	0.13333333	1.0	218	1.6590676466666667	0.9238095238095237
219	1.0	2.0	219	1.6422410114285715	0.9238095238095237
220	1.0	1.43349049	220	1.5967917733333332	0.9015873014285715
221	1.0	1.64664066	221	1.658062852857143	0.8825396823809525
222	1.0	1.64664066	222	1.6220785747619049	0.8698412695238095
223	1.0	2.0	223	1.5834462833333336	0.8952380947619047
224	1.0	1.64664066	224	1.5432197080952381	0.8920634914285714
225	1.0	1.64664066	225	1.491080930952381	0.8888888880952381
226	1.0	1.43349049	226	1.4774911547619047	0.8857142847619047
227	1.0	1.64664066	227	1.4606645195238095	0.8857142847619047
228	1.0	2.0	228	1.4168766023809525	0.8857142847619047
229	1.0	1.64664066	229	1.4301181219047618	0.9269841261904762
230	0.53333333	1.045566	230	1.3749305728571428	0.9269841261904762
231	0.6	2.0	231	1.3675296880952381	0.9269841261904762
232	0.73333333	0.67782065	232	1.35737968	0.9269841261904762
233	0.8	1.18872188	233	1.3001772790476191	0.9269841261904762
234	0.93333333	0.80188258	234	1.265799750952381	0.9269841261904762
235	0.93333333	0.90508568	235	1.2657997509523808	0.9269841261904762
236	0.93333333	1.01477186	236	1.265799750952381	0.9269841261904762
237	1.0	1.64664066	237	1.2583988661904761	0.9269841261904762
238	1.0	0.7270944	238	1.2482488580952382	0.9269841261904762
239	1.0	1.27807191	239	1.2482488580952382	0.9269841261904762
240	1.0	0.84106147	240	1.231749643809524	0.9269841261904762
241	1.0	1.27807191	241	1.2438730323809524	0.9492063485714285
242	1.0	1.43349049	242	1.2105471828571428	0.9682539676190475
243	1.0	0.44539024	243	1.233668069047619	0.9809523804761905
244	1.0	1.27807191	244	1.231199380952381	0.9873015866666667
245	1.0	1.64664066	245	1.2882525914285714	0.99047619
246	1.0	1.64664066	246	1.3403913685714286	0.9936507933333333
247	1.0	1.27807191	247	1.3425314723809525	0.9936507933333333
248	1.0	1.43349049	248	1.3593581076190477	0.9936507933333333
249	1.0	2.0	249	1.3929960166666666	0.9936507933333333
250	1.0	1.30015716	250	1.3875335095238097	0.9936507933333333
251	1.0	1.30015716	251	1.4427210585714287	0.9936507933333333
252	1.0	1.30015716	252	1.4602719514285714	0.9936507933333333
253	1.0	1.16335926	253	1.4704219595238095	0.9936507933333333
254	0.93333333	1.13687943	254	1.5111251461904762	0.9936507933333333
255	1.0	2.0	255	1.5286760390476193	0.9936507933333333
256	1.0	2.0	256	1.5286760390476193	0.9936507933333333
257	0.93333333	1.05971404	257	1.5455026742857143	0.9936507933333333
258	1.0	2.0	258	1.5798802023809524	0.9936507933333333
259	1.0	1.43349049	259	1.5900302104761903	0.9936507933333333
260	1.0	1.16335926	260	1.5900302104761903	0.9936507933333333
261	1.0	2.0	261	1.5900302104761908	0.9936507933333333
262	1.0	1.64664066	262	1.62335606	0.9936507933333333
263	1.0	1.64664066	263	1.62335606	0.9936507933333333
264	1.0	1.30015716	264	1.6157298271428573	0.9936507933333333
265	1.0	1.64664066	265	1.6568308066666668	0.9968253966666667
266	1.0	1.64664066	266	1.599777596190476	0.9936507933333333
267	1.0	2.0	267	1.5716027019047618	0.99047619
268	1.0	2.0	268	1.616378223809524	0.9587301585714285
269	1.0	1.64664066	269	1.5854247752380952	0.93015873
270	1.0	2.0	270	1.5618643652380952	0.9079365076190475
271	1.0	1.30015716	271	1.5645925033333332	0.9015873014285715
272	1.0	2.0	272	1.5028907033333334	0.8952380952380953
273	1.0	1.30015716	273	1.4645297895238096	0.8952380952380953
274	1.0	1.00320837	274	1.4645297895238096	0.8952380952380953
275	1.0	2.0	275	1.4483832295238095	0.8952380952380953
276	0.93333333	0.80188258	276	1.4382332214285714	0.8952380952380953
277	0.93333333	1.40832722	277	1.4088241142857143	0.8952380952380953
278	0.26666667	2.0	278	1.347553034761905	0.8952380952380953
279	0.4	1.34997758	279	1.3131755066666666	0.8952380952380953
280	0.53333333	0.93872188	280	1.3030254985714285	0.8952380952380953
281	0.86666667	1.22065016	281	1.2861988633333332	0.8952380952380953
282	0.86666667	0.7042622	282	1.3195247128571428	0.8952380952380953
283	1.0	0.84106147	283	1.3026980776190478	0.8952380952380953
284	1.0	1.64664066	284	1.309047283809524	0.8952380952380953
285	1.0	0.9610794	285	1.3221360238095239	0.8952380952380953
286	1.0	1.43349049	286	1.3221360238095239	0.8952380952380953
287	1.0	1.02904941	287	1.352212590952381	0.8984126985714286
288	1.0	0.71330733	288	1.36356085	0.901587301904762
289	1.0	1.27807191	289	1.2764430738095238	0.9365079366666668
290	1.0	1.43349049	290	1.2392269852380953	0.9619047619047618
291	1.0	1.64664066	291	1.2346792933333333	0.9682539685714288
292	1.0	2.0	292	1.2549645552380955	0.9746031747619048
293	1.0	1.64664066	293	1.29983972	0.980952380952381
294	1.0	1.43349049	294	1.3382006338095238	0.980952380952381
295	1.0	1.27807191	295	1.3382006338095238	0.980952380952381
296	1.0	2.0	296	1.3708464080952383	0.980952380952381
297	1.0	1.43349049	297	1.3978230514285717	0.980952380952381
298	1.0	1.64664066	298	1.4272321585714285	0.980952380952381
299	1.0	0.1705267	299	1.488503238095238	0.980952380952381
300	0.93333333	0.56843972	300	1.5228807661904764	0.980952380952381
301	0.66666667	0.84322035	301	1.5023911414285716	0.980952380952381
302	1.0	1.64664066	302	1.4842401614285714	0.9777777776190475
303	1.0	1.64664066	303	1.4665624314285715	0.9746031742857143
304	1.0	1.64664066	304	1.4665624314285715	0.9746031742857143
305	1.0	1.64664066	305	1.460213225238095	0.9746031742857143
306	1.0	1.64664066	306	1.4777641180952383	0.9746031742857143
307	1.0	2.0	307	1.4609374828571429	0.9746031742857143
308	1.0	1.64664066	308	1.4447909233333334	0.9746031742857143
309	1.0	2.0	309	1.4282917090476193	0.9746031742857143
310	1.0	2.0	310	1.4453331871428572	0.9746031742857143
311	1.0	1.00320837	311	1.4633607442857144	0.9777777776190475
312	0.93333333	1.26547008	312	1.4444164533333335	0.9936507933333333
313	0.93333333	1.62876767	313	1.399972009047619	0.9936507933333333
314	1.0	1.64664066	314	1.3581815223809524	0.9936507933333333
315	1.0	1.30015716	315	1.2969022561904762	0.9936507933333333
316	1.0	1.64664066	316	1.3137288914285716	0.9936507933333333
317	1.0	1.64664066	317	1.2843197842857141	0.9936507933333333
318	1.0	1.09441274	318	1.2666420542857142	0.9904761900000002
319	1.0	1.30015716	319	1.2552937952380954	0.9873015866666667
320	1.0	0.52839774	320	1.228317151904762	0.9873015866666667
321	1.0	0.94701842	321	1.1949913023809524	0.9873015866666667
322	1.0	0.44539024	322	1.1838404485714287	0.9873015866666667
323	1.0	0.71330733	323	1.1918414204761905	0.9904761899999999
324	1.0	0.76904044	324	1.1632834080952381	0.9936507933333333
325	1.0	0.35977607	325	1.1632834080952381	0.9936507933333333
326	1.0	2.0	326	1.1622317295238096	0.9936507933333333
327	1.0	1.02904941	327	1.108399711904762	0.9904761900000002
328	0.93333333	1.62876767	328	1.0573403852380951	0.9904761900000002
329	0.93333333	1.40832722	329	1.0415759338095238	0.9904761900000002
330	1.0	1.43349049	330	1.0317785804761905	0.9904761900000002
331	1.0	1.30015716	331	1.1018548785714286	0.9904761900000002
332	1.0	0.76904044	332	1.1176193304761906	0.9904761900000002
333	1.0	1.43349049	333	1.158322517142857	0.9904761900000002
334	1.0	1.02904941	334	1.1926169533333333	0.9904761900000002
335	1.0	1.64664066	335	1.181157777142857	0.9904761900000002
336	1.0	1.27807191	336	1.1842914199999999	0.9873015866666667
337	0.93333333	0.51616829	337	1.1114048014285713	0.9841269833333335
338	1.0	0.5743948	338	1.0970259914285716	0.9841269833333335
339	1.0	0.76335926	339	1.0877270780952382	0.9873015866666667
340	1.0	1.09441274	340	1.0990753371428572	0.9904761900000002
341	1.0	2.0	341	1.1092253452380954	0.9904761900000002
342	1.0	1.27807191	342	1.1257245595238095	0.9904761900000002
343	1.0	1.30015716	343	1.1499641533333333	0.9904761900000002
344	1.0	1.43349049	344	1.1601141614285713	0.9904761900000002
345	1.0	0.52839774	345	1.1895232685714288	0.9904761900000002
346	0.93333333	0.42558257	346	1.2063499038095238	0.9904761900000002
347	0.93333333	0.46938101	347	1.2407274319047619	0.9904761900000002
348	1.0	0.7270944	348	1.3113860847619048	0.9936507933333333
349	1.0	1.43349049	349	1.3624454114285716	0.9936507933333333
350	1.0	1.64664066	350	1.3711910857142857	0.9936507933333333
351	1.0	1.64664066	351	1.4143142885714286	0.9936507933333333
352	1.0	1.64664066	352	1.3974876533333334	0.9936507933333333
353	1.0	1.27807191	353	1.3712506290476192	0.9936507933333333
354	1.0	1.64664066	354	1.3647364433333333	0.9936507933333333
355	1.0	1.64664066	355	1.3748864514285715	0.9936507933333333
356	1.0	2.0	356	1.4116369000000002	0.9936507933333333
357	1.0	2.0	357	1.4532833090476192	0.9968253966666668
358	1.0	2.0	358	1.526169927619048	1.0
359	1.0	1.64664066	359	1.569957844761905	1.0
360	1.0	0.94701842	360	1.596934488095238	1.0
361	1.0	2.0	361	1.6137611233333335	1.0
362	1.0	1.64664066	362	1.613761123333333	1.0
363	1.0	0.7270944	363	1.6305877585714286	1.0
364	1.0	1.16335926	364	1.6649652866666667	1.0
365	1.0	1.64664066	365	1.6649652866666667	1.0
366	1.0	1.30015716	366	1.6649652866666669	1.0
367	1.0	1.30015716	367	1.6649652866666669	1.0
368	1.0	2.0	368	1.6649652866666669	1.0
369	1.0	1.64664066	369	1.6649652866666669	1.0
370	1.0	2.0	370	1.6817919219047621	1.0
371	1.0	2.0	371	1.7151072666666667	1.0
372	1.0	1.64664066	372	1.6982806314285714	1.0
373	1.0	2.0	373	1.6982806314285712	1.0
374	1.0	2.0	374	1.7588951838095237	1.0
375	1.0	1.64664066	375	1.7819085838095237	1.0
376	1.0	1.64664066	376	1.781908583809524	1.0
377	1.0	2.0	377	1.8152344333333335	1.0
378	1.0	2.0	378	1.8317336476190476	1.0
379	1.0	2.0	379	1.8317336476190476	1.0
380	1.0	2.0	380	1.8317336476190476	1.0
381	1.0	1.64664066	381	1.8317336476190476	1.0
382	1.0	1.64664066	382	1.8317336476190476	1.0
383	1.0	1.64664066	383	1.848560282857143	1.0
384	1.0	2.0	384	1.848560282857143	1.0
385	1.0	1.64664066	385	1.7819135576190477	1.0
386	1.0	1.64664066	386	1.7237679342857144	0.9968253966666665
387	1.0	2.0	387	1.7237679342857144	0.9968253966666665
388	1.0	1.64664066	388	1.6967912909523808	0.9968253966666665
389	1.0	2.0	389	1.6799646557142858	0.9968253966666665
390	1.0	1.64664066	390	1.6208243685714285	0.9968253966666665
391	1.0	2.0	391	1.603997733333333	0.9968253966666665
392	1.0	2.0	392	1.6039977333333335	0.9968253966666665
393	1.0	2.0	393	1.5809843333333333	0.9968253966666665
394	1.0	2.0	394	1.5978109685714283	0.9968253966666665
395	1.0	0.60041877	395	1.5809843333333333	0.9968253966666665
396	0.93333333	0.42558257	396	1.5978109685714288	0.9968253966666665
397	1.0	1.64664066	397	1.6146376038095238	0.9968253966666665
398	1.0	1.43349049	398	1.6146376038095238	0.9968253966666665
399	1.0	1.64664066	399	1.6146376038095238	0.9968253966666665
400	1.0	0.75805397	400	1.5978109685714283	0.9968253966666665
401	1.0	1.64664066	401	1.5670185561904764	0.9555555552380952
402	1.0	1.64664066	402	1.5193995085714287	0.914285713809524
403	1.0	1.16335926	403	1.5193995085714287	0.8730158723809525
404	1.0	2.0	404	1.4456473685714286	0.8507936500000002
405	1.0	1.64664066	405	1.4456473685714286	0.85079365
406	1.0	2.0	406	1.4954674585714285	0.85079365
407	1.0	2.0	407	1.5371138676190477	0.8539682533333335
408	1.0	2.0	408	1.5371138676190477	0.8539682533333335
409	1.0	1.64664066	409	1.5307646614285715	0.8539682533333335
410	1.0	1.64664066	410	1.5475912966666665	0.8539682533333335
411	0.13333333	1.0	411	1.5541931357142857	0.8539682533333335
412	0.13333333	1.0	412	1.5541931357142857	0.8539682533333335
413	0.13333333	2.0	413	1.5541931357142857	0.8539682533333335
414	0.53333333	0.45120506	414	1.5590555557142858	0.8507936500000002
415	1.0	2.0	415	1.5413778257142858	0.8476190466666667
416	1.0	1.64664066	416	1.5144760880952381	0.8476190466666668
417	1.0	1.30015716	417	1.5144760880952381	0.8476190466666668
418	1.0	1.64664066	418	1.5144760880952381	0.8476190466666668
419	1.0	1.30015716	419	1.5144760880952381	0.8476190466666668
420	1.0	2.0	420	1.514476088095238	0.8476190466666668
421	1.0	0.89669259	421	1.5313027233333334	0.8476190466666668
422	1.0	1.64664066	422	1.5789217709523808	0.8888888880952381
423	1.0	1.64664066	423	1.6265408185714285	0.9301587295238095
424	0.93333333	1.26547008	424	1.6097141833333335	0.971428570952381
425	0.93333333	1.62876767	425	1.6834663233333333	0.9936507933333333
426	1.0	1.08170417	426	1.6834663233333333	0.9936507933333333
427	1.0	2.0	427	1.654057216190476	0.9936507933333333
428	1.0	2.0	428	1.6705564304761904	0.9936507933333333
429	1.0	2.0	429	1.6411473233333334	0.9936507933333333
430	1.0	1.64664066	430	1.6462982785714284	0.99047619
431	1.0	2.0	431	1.6294716433333334	0.99047619
432	1.0	2.0	432	1.6325376819047617	0.99047619
433	1.0	2.0	433	1.622387673809524	0.99047619
434	1.0	1.64664066	434	1.6223876738095238	0.99047619
435	1.0	2.0	435	1.657365289047619	0.9936507933333333
436	1.0	2.0	436	1.6480663757142857	0.9968253966666667
437	1.0	1.02904941	437	1.6749681133333334	0.9968253966666667
438	1.0	1.64664066	438	1.6273490657142857	0.9555555552380952
439	1.0	1.02904941	439	1.6105224304761907	0.9555555552380952
440	0.93333333	1.40832722	440	1.6105224304761907	0.9555555552380952
441	1.0	1.64664066	441	1.6273490657142857	0.9555555552380952
442	1.0	0.9610794	442	1.6105224304761903	0.9555555552380952
443	1.0	1.43349049	443	1.5499078780952382	0.9555555552380952
444	1.0	1.64664066	444	1.533081242857143	0.9555555552380952
445	1.0	2.0	445	1.5165820285714287	0.9555555552380952
446	1.0	1.43349049	446	1.5165820285714287	0.9555555552380952
447	1.0	1.64664066	447	1.4896053852380955	0.9555555552380952
448	0.13333333	1.0	448	1.5076662333333333	0.9523809519047619
449	1.0	1.64664066	449	1.5244928685714285	0.9523809519047619
450	1.0	2.0	450	1.570728610952381	0.9523809519047619
451	1.0	2.0	451	1.571926861904762	0.9555555552380952
452	1.0	1.64664066	452	1.5887534971428574	0.9555555552380952
453	1.0	0.7270944	453	1.604900057142857	0.9555555552380952
454	1.0	1.64664066	454	1.5729890461904763	0.9555555552380952
455	1.0	1.30015716	455	1.5898156814285715	0.9555555552380952
456	1.0	2.0	456	1.572989046190476	0.9555555552380952
457	1.0	1.43349049	457	1.56663984	0.9555555552380952
458	0.93333333	1.40832722	458	1.5834664752380954	0.9555555552380952
459	1.0	2.0	459	1.580943542857143	0.9968253966666667
460	1.0	2.0	460	1.5388825238095238	0.9968253966666667
461	1.0	1.43349049	461	1.5388825238095238	0.9968253966666667
462	1.0	2.0	462	1.488740543809524	0.9968253966666667
463	1.0	1.30015716	463	1.4722413295238095	0.9968253966666667
464	1.0	0.76335926	464	1.5160292466666665	0.9968253966666667
465	1.0	2.0	465	1.532855881904762	0.9968253966666667
466	1.0	1.64664066	466	1.5661817314285713	0.9968253966666667
467	1.0	1.30015716	467	1.5352282828571429	0.968253968095238
468	1.0	2.0	468	1.527827398095238	0.9365079361904762
469	1.0	0.94701842	469	1.4947312128571428	0.9396825395238095
470	1.0	0.76335926	470	1.4947312128571428	0.9396825395238095
471	1.0	2.0	471	1.4779045776190476	0.9396825395238095
472	1.0	0.94701842	472	1.504881220952381	0.9396825395238095
473	1.0	1.30015716	473	1.4880545857142857	0.9396825395238095
474	1.0	1.64664066	474	1.4776520623809524	0.9396825395238095
475	1.0	2.0	475	1.5365397166666668	0.9396825395238095
476	1.0	2.0	476	1.5095630733333334	0.9396825395238095
477	0.4	1.34997758	477	1.5095630733333334	0.9396825395238095
478	0.33333333	1.27807191	478	1.542888922857143	0.9396825395238095
479	1.0	0.71330733	479	1.5260622876190475	0.9396825395238095
480	1.0	2.0	480	1.5593776323809525	0.9396825395238095
481	1.0	1.64664066	481	1.6014386514285714	0.9396825395238095
482	1.0	2.0	482	1.5359491576190476	0.9396825395238095
483	1.0	1.64664066	483	1.5429679347619047	0.9396825395238095
484	1.0	1.08170417	484	1.5261518042857143	0.9396825395238095
485	1.0	2.0	485	1.4877908904761905	0.9396825395238095
486	1.0	1.43349049	486	1.4446676876190476	0.9396825395238095
487	1.0	1.64664066	487	1.411341838095238	0.9396825395238095
488	1.0	2.0	488	1.3871077376190477	0.9682539680952382
489	1.0	1.64664066	489	1.4214852657142858	1.0
490	1.0	1.64664066	490	1.46592971	1.0
491	1.0	1.64664066	491	1.46592971	1.0
492	1.0	0.62472063	492	1.4827563452380954	1.0
493	1.0	1.09441274	493	1.4659297100000002	1.0
494	1.0	0.94701842	494	1.4557797019047618	1.0
495	1.0	0.84106147	495	1.455779701904762	1.0
496	1.0	1.09441274	496	1.455779701904762	1.0
497	1.0	1.30015716	497	1.44291631	1.0
498	1.0	0.84106147	498	1.4166197423809526	1.0
499	1.0	2.0	499	1.399793107142857	1.0
500	1.0	1.64664066	500	1.3671473328571428	1.0
501	1.0	2.0	501	1.3408507652380952	1.0
502	1.0	2.0	502	1.3232998723809526	1.0
503	1.0	1.64664066	503	1.3489493309523812	1.0
504	1.0	1.43349049	504	1.3314579814285714	1.0
505	1.0	1.08170417	505	1.335364219047619	1.0
506	1.0	2.0	506	1.373725132857143	1.0
507	1.0	1.16335926	507	1.3835224861904762	1.0
508	1.0	1.09441274	508	1.3824708076190477	1.0
509	1.0	1.64664066	509	1.4043325071428572	1.0
510	1.0	0.9610794	510	1.387505871904762	1.0
511	1.0	1.09441274	511	1.3500412842857143	0.9936507938095238
512	1.0	1.27807191	512	1.3156637561904763	0.9936507938095238
513	1.0	1.16335926	513	1.2725405533333334	0.9936507938095238
514	1.0	0.7270944	514	1.2893671885714286	0.9936507938095238
515	1.0	1.02904941	515	1.2995171966666668	0.9936507938095238
516	1.0	1.64664066	516	1.3001223666666666	0.9936507938095238
517	1.0	1.30015716	517	1.2602823314285714	0.9936507938095238
518	1.0	1.27807191	518	1.3001223666666666	0.9904761904761905
519	1.0	1.30015716	519	1.3255678395238095	0.9873015871428572
520	1.0	1.64664066	520	1.342394474761905	0.9841269838095238
521	0.86666667	0.85988432	521	1.36369199	0.9809523804761905
522	1.0	1.27807191	522	1.3591961452380954	0.9460317457142857
523	1.0	1.09441274	523	1.353733638095238	0.9460317457142857
524	1.0	2.0	524	1.376747038095238	0.9460317457142857
525	1.0	1.64664066	525	1.3787444685714287	0.9460317457142857
526	1.0	1.09441274	526	1.4081535757142858	0.9460317457142857
527	1.0	1.16335926	527	1.3980035676190476	0.9460317457142857
528	0.93333333	2.0	528	1.414502781904762	0.9460317457142857
529	0.93333333	1.62876767	529	1.4320536747619048	0.9460317457142857
530	0.93333333	2.0	530	1.3987327990476193	0.9460317457142857
531	0.93333333	1.40832722	531	1.3724362314285714	0.9460317457142857
532	0.26666667	1.0	532	1.3923499261904762	0.9523809519047619
533	1.0	1.16335926	533	1.409900819047619	0.9523809519047619
534	1.0	1.64664066	534	1.4260473785714285	0.9523809519047619
535	1.0	0.76904044	535	1.4260473785714285	0.9523809519047619
536	1.0	1.64664066	536	1.442874013809524	0.9523809519047619
537	1.0	1.43349049	537	1.4516196885714285	0.9523809519047619
538	1.0	1.64664066	538	1.4737819938095238	0.9492063485714285
539	1.0	1.64664066	539	1.4737819938095238	0.9492063485714285
540	1.0	0.60041877	540	1.4737819938095238	0.9492063485714285
541	1.0	1.09441274	541	1.4388043785714284	0.9492063485714285
542	1.0	1.27807191	542	1.4472737085714285	0.9428571423809524
543	1.0	1.64664066	543	1.4560027995238096	0.9682539676190475
544	1.0	1.43349049	544	1.452114461904762	0.9492063485714285
545	1.0	2.0	545	1.4689410971428571	0.9365079357142857
546	1.0	2.0	546	1.527558219047619	0.9238095228571429
547	1.0	1.27807191	547	1.4996093323809523	0.9206349195238095
548	0.93333333	1.62876767	548	1.5089082457142857	0.9174603161904762
549	0.93333333	2.0	549	1.4907572657142858	0.9142857128571429
550	0.93333333	1.62876767	550	1.4346972823809525	0.9111111095238096
551	0.93333333	1.26547008	551	1.4845173723809524	0.9111111095238096
552	0.8	1.58618315	552	1.51081394	0.9111111095238096
553	0.8	1.18331091	553	1.5283648328571426	0.9111111095238096
554	0.6	1.08170417	554	1.5283648328571426	0.9111111095238096
555	0.73333333	2.0	555	1.515501440952381	0.9111111095238096
556	0.73333333	2.0	556	1.4986748057142858	0.9111111095238096
557	0.93333333	1.05971404	557	1.4642972776190477	0.9111111095238096
558	0.93333333	1.62876767	558	1.465348956190476	0.9111111095238096
559	0.93333333	1.26547008	559	1.4473316738095239	0.9111111095238096
560	0.93333333	0.46938101	560	1.385822530952381	0.9111111095238096
561	1.0	1.64664066	561	1.3866736257142858	0.9142857128571429
562	1.0	1.64664066	562	1.404824605714286	0.9174603161904762
563	1.0	1.64664066	563	1.407703534761905	0.9269841257142857
564	1.0	1.64664066	564	1.4289157614285715	0.933333331904762
565	1.0	1.16335926	565	1.4726441342857144	0.9492063476190477
566	1.0	1.64664066	566	1.4109376395238096	0.9587301571428571
567	1.0	1.27807191	567	1.3286806552380952	0.9682539666666666
568	1.0	1.30015716	568	1.3557784471428573	0.9682539666666666
569	0.93333333	1.25040474	569	1.3283907990476191	0.9682539666666666
570	0.93333333	0.708308	570	1.2909093361904762	0.9682539666666666
571	1.0	1.64664066	571	1.3067427442857142	0.9682539666666666
572	1.0	1.64664066	572	1.3067427442857142	0.9682539666666666
573	1.0	1.64664066	573	1.3235693795238095	0.9650793633333333
574	0.93333333	1.62876767	574	1.296667641904762	0.9650793633333333
575	0.93333333	2.0	575	1.296667641904762	0.9650793633333333
576	0.93333333	0.70416361	576	1.3365076771428572	0.9650793633333333
577	0.93333333	0.27260333	577	1.3365076771428572	0.9650793633333333
578	0.93333333	1.62876767	578	1.343908561904762	0.9650793633333333
579	0.93333333	1.05362706	579	1.3428568833333334	0.9650793633333333
580	0.93333333	0.47835936	580	1.3617252604761905	0.9682539666666666
581	0.93333333	0.80188258	581	1.406407768095238	0.9714285699999999
582	1.0	1.64664066	582	1.4232344033333333	0.9714285699999999
583	0.93333333	2.0	583	1.3848734895238095	0.9714285699999999
584	1.0	1.08170417	584	1.4017001247619048	0.9714285699999999
585	1.0	1.64664066	585	1.3924012114285713	0.9746031733333334
586	1.0	2.0	586	1.3473358333333334	0.9746031733333334
587	1.0	1.64664066	587	1.391364598095238	0.9746031733333334
588	1.0	1.43349049	588	1.4559438523809523	0.9746031733333334
589	1.0	1.27807191	589	1.4736215823809524	0.9777777766666667
590	1.0	1.64664066	590	1.4917103171428572	0.98095238
591	1.0	1.64664066	591	1.505029108095238	0.9841269833333334
592	1.0	2.0	592	1.5277047904761905	0.9873015866666667
593	1.0	0.84106147	593	1.5445314257142857	0.9873015866666667
594	1.0	2.0	594	1.5445314257142857	0.99047619
595	1.0	1.43349049	595	1.5882597985714284	0.99047619
596	0.93333333	1.05362706	596	1.6050864338095239	0.99047619
597	0.93333333	1.62876767	597	1.5588506914285714	0.99047619
598	0.93333333	1.62876767	598	1.5306119485714287	0.9873015866666667
599	1.0	2.0	599	1.5226109766666667	0.9841269833333334
600	1.0	1.43349049	600	1.5401618695238095	0.9841269833333334
601	1.0	0.75805397	601	1.5138653019047619	0.9841269833333334
602	1.0	1.27807191	602	1.483225669047619	0.9841269833333334
603	1.0	2.0	603	1.433083689047619	0.9841269833333334
604	1.0	2.0	604	1.44080497	0.9841269833333334
605	1.0	2.0	605	1.406427441904762	0.9841269833333334
606	1.0	2.0	606	1.4165774500000001	0.9841269833333334
607	1.0	1.02904941	607	1.4185196252380952	0.9873015866666667
608	0.93333333	1.05362706	608	1.39635732	0.99047619
609	0.93333333	1.26547008	609	1.3677993076190478	0.9936507933333333
610	1.0	1.64664066	610	1.3089116533333334	0.9936507933333333
611	1.0	1.09441274	611	1.2896525542857142	0.9936507933333333
612	1.0	1.00320837	612	1.3229088204761905	0.9714285709523809
613	1.0	0.94701842	613	1.318654057142857	0.9619047614285714
614	1.0	1.00320837	614	1.2829590447619048	0.958730158095238
615	1.0	1.27807191	615	1.2652813147619046	0.9555555547619047
616	1.0	1.64664066	616	1.247603584761905	0.9523809514285714
617	1.0	1.09441274	617	1.1614512023809525	0.949206348095238
618	1.0	1.16335926	618	1.1626215666666666	0.9460317447619047
619	1.0	1.02904941	619	1.1386957238095239	0.9460317447619047
620	1.0	0.76335926	620	1.111971539047619	0.9428571419047619
621	1.0	1.02904941	621	1.0813319061904763	0.9428571419047619
622	0.53333333	1.45643556	622	1.0846150738095237	0.9428571419047619
623	0.8	1.18872188	623	1.0977038138095239	0.9428571419047619
624	0.93333333	1.25040474	624	1.1145199442857143	0.9428571419047619
625	0.93333333	1.62876767	625	1.1619862123809523	0.9428571419047619
626	0.93333333	1.62876767	626	1.1377466185714287	0.9428571419047619
627	0.93333333	0.19079997	627	1.0801538904761905	0.9428571419047619
628	0.93333333	1.05362706	628	1.1064504580952381	0.9428571419047619
629	0.93333333	0.55118436	629	1.112964643809524	0.9428571419047619
630	0.86666667	0.7042622	630	1.1097279766666666	0.9428571419047619
631	1.0	1.00320837	631	1.121149362857143	0.9428571419047619
632	1.0	1.16335926	632	1.1172431252380952	0.9428571419047619
633	1.0	1.27807191	633	1.1000039433333333	0.9650793642857144
634	1.0	1.30015716	634	1.1218095995238095	0.9746031738095239
635	1.0	2.0	635	1.1176645766666666	0.9777777771428572
636	1.0	0.76904044	636	1.1353423066666668	0.939682539047619
637	1.0	0.43719337	637	1.0928386476190475	0.939682539047619
638	1.0	1.64664066	638	1.0943087276190475	0.939682539047619
639	1.0	1.30015716	639	1.0519818319047618	0.939682539047619
640	1.0	0.9610794	640	1.1041464176190476	0.9428571423809524
641	1.0	1.00320837	641	1.1227250147619048	0.9492063485714285
642	1.0	0.94701842	642	1.1303512476190476	0.9492063485714285
643	1.0	1.09441274	643	1.1290903033333333	0.9238095233333332
644	1.0	1.64664066	644	1.1634678314285714	0.898412698095238
645	1.0	1.16335926	645	1.17090966	0.8761904757142857
646	0.13333333	2.0	646	1.1352146476190477	0.8730158723809522
647	0.93333333	0.73619083	647	1.1145699704761904	0.8698412690476189
648	0.93333333	0.22167165	648	1.1439239557142857	0.8666666657142856
649	0.93333333	0.16476225	649	1.1138349652380952	0.8634920623809522
650	1.0	1.64664066	650	1.1471608147619048	0.8634920623809522
651	1.0	1.09441274	651	1.1780025785714285	0.8571428561904761
652	1.0	1.16335926	652	1.1883569495238095	0.85079365
653	0.46666667	1.13687943	653	1.2090045395238096	0.8444444438095238
654	0.46666667	2.0	654	1.2049246823809523	0.8380952376190477
655	0.53333333	1.45643556	655	1.18493092	0.8317460314285713
656	0.93333333	1.25040474	656	1.2061403095238095	0.8253968252380952
657	0.93333333	0.33550222	657	1.187509663809524	0.8603174604761905
658	0.93333333	1.05362706	658	1.2108706552380955	0.8571428576190476
659	0.93333333	1.01477186	659	1.2481373647619047	0.8539682547619046
660	1.0	2.0	660	1.296639681904762	0.8476190485714286
661	0.86666667	1.60875644	661	1.2703431142857142	0.8476190485714286
662	0.86666667	1.22065016	662	1.2864896738095237	0.8476190485714286
663	0.86666667	1.38061781	663	1.326329709047619	0.8476190485714286
664	0.86666667	1.00873574	664	1.3404540452380953	0.8730158738095238
665	0.86666667	1.22677165	665	1.313477401904762	0.898412699047619
666	0.86666667	1.60875644	666	1.2918951547619049	0.9206349214285714
667	0.86666667	1.60875644	667	1.310763531904762	0.9238095247619048
668	0.86666667	1.22677165	668	1.3731986957142859	0.9269841280952381
669	0.86666667	1.00427255	669	1.3912874304761906	0.9301587314285714
670	0.8	1.18331091	670	1.4112264128571428	0.9333333347619048
671	1.0	1.09441274	671	1.36749804	0.9333333347619048
672	1.0	1.43349049	672	1.3398929433333333	0.9396825409523809
673	1.0	2.0	673	1.3332764676190476	0.9460317471428571
674	1.0	1.43349049	674	1.329445008095238	0.9523809533333333
675	1.0	1.43349049	675	1.3433222185714286	0.9587301595238096
676	1.0	1.00320837	676	1.363315980952381	0.9650793657142858
677	1.0	1.64664066	677	1.348620777142857	0.9714285719047618
678	1.0	1.64664066	678	1.3221860447619047	0.9746031747619047
679	1.0	1.43349049	679	1.3115401742857142	0.9809523809523808
680	1.0	1.43349049	680	1.3589557671428572	0.9873015871428572
681	1.0	1.08170417	681	1.3376643347619048	0.9936507933333333
682	1.0	1.02904941	682	1.3474616880952381	0.9936507933333333
683	1.0	1.08170417	683	1.3138237790476193	0.9936507933333333
684	1.0	1.30015716	684	1.2868471357142857	0.9936507933333333
685	1.0	1.30015716	685	1.2700954061904763	0.9841269838095238
686	1.0	1.64664066	686	1.2970720495238095	0.9428571423809524
687	1.0	1.30015716	687	1.29691927	0.9015873009523809
688	0.93333333	1.05362706	688	1.2706227023809524	0.901587300952381
689	1.0	1.00320837	689	1.2706227023809522	0.901587300952381
690	1.0	2.0	690	1.2632218176190475	0.901587300952381
691	0.93333333	0.73619083	691	1.290198460952381	0.901587300952381
692	1.0	1.30015716	692	1.3171001985714286	0.901587300952381
693	1.0	0.7270944	693	1.27640236	0.901587300952381
694	1.0	1.43349049	694	1.2726644647619048	0.901587300952381
695	0.8	1.08170417	695	1.246850027142857	0.901587300952381
696	0.13333333	2.0	696	1.2633492414285716	0.901587300952381
697	0.13333333	1.0	697	1.2457983485714286	0.901587300952381
698	1.0	1.09441274	698	1.262297562857143	0.901587300952381
699	1.0	1.64664066	699	1.2803862976190477	0.9047619042857142
700	1.0	1.27807191	700	1.2597824085714286	0.9047619042857142
701	1.0	2.0	701	1.2045948595238096	0.9047619042857142
702	1.0	1.64664066	702	1.2146342685714284	0.9079365076190478
703	1.0	0.1743948	703	1.231133482857143	0.9079365076190478
704	1.0	1.00320837	704	1.2584221857142857	0.9079365076190478
705	1.0	0.75805397	705	1.2247842766666668	0.9079365076190478
706	1.0	1.64664066	706	1.2351868	0.917460317142857
707	1.0	1.27807191	707	1.2082101566666668	0.9587301585714285
708	1.0	1.64664066	708	1.214728224761905	0.9968253966666668
709	1.0	1.43349049	709	1.2221564152380953	0.9936507933333333
710	1.0	0.5705267	710	1.1913640028571428	0.952380951904762
711	1.0	0.84106147	711	1.225741530952381	0.9079365076190475
712	1.0	0.94701842	712	1.225741530952381	0.8634920633333335
713	1.0	1.64664066	713	1.1949491185714287	0.8222222219047618
714	1.0	1.30015716	714	1.240651431904762	0.809523809047619
715	1.0	0.7270944	715	1.2611410566666668	0.809523809047619
716	1.0	1.30015716	716	1.285903815714286	0.809523809047619
717	1.0	1.43349049	717	1.233370224285714	0.809523809047619
718	0.93333333	1.13687943	718	1.1937187161904763	0.809523809047619
719	0.93333333	1.25040474	719	1.139468490952381	0.8063492057142857
720	0.13333333	1.0	720	1.1487674042857143	0.8031746023809523
721	0.06666667	2.0	721	1.1642991133333334	0.8031746023809523
722	0.06666667	2.0	722	1.192510019047619	0.8031746023809523
723	0.13333333	1.0	723	1.2258253638095238	0.8031746023809523
724	0.73333333	1.13414338	724	1.190113550952381	0.8031746023809523
725	1.0	1.43349049	725	1.196462757142857	0.8031746023809523
726	1.0	1.27807191	726	1.2402506742857144	0.8031746023809523
727	1.0	0.54343524	727	1.2465998804761906	0.8031746023809523
728	1.0	0.44539024	728	1.2273407814285715	0.8031746023809523
729	0.93333333	0.50738593	729	1.234064232857143	0.8063492057142857
730	0.93333333	1.62876767	730	1.2427826019047619	0.809523809047619
731	1.0	0.89669259	731	1.2570758000000002	0.8507936504761905
732	1.0	1.43349049	732	1.2220981847619048	0.8920634914285714
733	1.0	1.64664066	733	1.2044204547619048	0.9333333323809524
734	1.0	0.89669259	734	1.2520395023809523	0.9714285704761905
735	1.0	1.43349049	735	1.2315642752380953	0.98095238
736	1.0	1.64664066	736	1.209068509047619	0.98095238
737	1.0	1.43349049	737	1.2164693938095237	0.98095238
738	1.0	1.02904941	738	1.199818242857143	0.98095238
739	1.0	1.27807191	739	1.230724076190476	0.98095238
740	1.0	1.43349049	740	1.2849743014285715	0.9841269833333334
741	1.0	1.30015716	741	1.2858253961904762	0.9873015866666667
742	0.93333333	1.26547008	742	1.3383638442857144	0.9873015866666667
743	0.93333333	1.62876767	743	1.3383638442857144	0.9873015866666667
744	0.93333333	2.0	744	1.3050484995238096	0.9873015866666667
745	0.93333333	0.70416361	745	1.3232094195238093	0.9873015866666667
746	1.0	0.9610794	746	1.3158085347619046	0.9873015866666667
747	1.0	1.43349049	747	1.2720206176190476	0.9873015866666667
748	1.0	0.19376107	748	1.2656714114285714	0.9873015866666667
749	1.0	1.09441274	749	1.2775296257142859	0.9873015866666667
750	1.0	1.64664066	750	1.3119071538095237	0.9873015866666667
751	1.0	1.64664066	751	1.311907153809524	0.9873015866666667
752	1.0	2.0	752	1.3053929680952383	0.9873015866666667
753	1.0	1.43349049	753	1.3217399376190475	0.9841269838095238
754	1.0	0.94701842	754	1.2872788904761905	0.9841269838095238
755	1.0	1.27807191	755	1.2591039961904764	0.9841269838095238
756	1.0	1.27807191	756	1.2938338476190476	0.9873015871428572
757	1.0	0.7270944	757	1.3433062571428573	0.9873015871428572
758	1.0	1.30015716	758	1.3201409204761905	0.9873015871428572
759	1.0	1.27807191	759	1.3566798885714286	0.9873015871428572
760	1.0	2.0	760	1.3654255633333334	0.9873015871428572
761	1.0	1.43349049	761	1.3233645442857143	0.9873015871428572
762	1.0	1.16335926	762	1.3401911795238095	0.9873015871428572
763	0.86666667	1.60875644	763	1.3401911795238095	0.9873015871428572
764	0.93333333	0.90508568	764	1.3503411876190474	0.9873015871428572
765	0.93333333	1.40832722	765	1.3836565323809524	0.9873015871428572
766	1.0	1.43349049	766	1.3574195080952383	0.9873015871428572
767	1.0	2.0	767	1.364820392857143	0.9873015871428572
768	1.0	0.94701842	768	1.3921090957142859	0.9873015871428572
769	1.0	0.9610794	769	1.38559491	0.9873015871428572
770	1.0	1.27807191	770	1.380132402857143	0.9873015871428572
771	1.0	0.76335926	771	1.3531557595238095	0.9873015871428572
772	1.0	2.0	772	1.3531557595238095	0.9873015871428572
773	1.0	2.0	773	1.3929957947619047	0.9873015871428572
774	1.0	1.64664066	774	1.3783005909523809	0.9936507933333333
775	1.0	1.64664066	775	1.4136127328571428	0.9968253966666667
776	1.0	0.7270944	776	1.3955518847619048	1.0
777	1.0	1.43349049	777	1.422528528095238	0.9968253966666667
778	1.0	1.30015716	778	1.422528528095238	0.9936507933333333
779	1.0	1.16335926	779	1.4250514604761906	0.9523809519047619
780	1.0	1.16335926	780	1.47452387	0.9492063485714285
781	1.0	1.43349049	781	1.5089013980952382	0.9460317452380952
782	1.0	1.43349049	782	1.5677890523809523	0.9428571419047619
783	1.0	2.0	783	1.5677890523809523	0.9396825385714285
784	1.0	1.30015716	784	1.5677890523809523	0.9365079352380952
785	1.0	1.64664066	785	1.5846156876190474	0.9333333319047619
786	1.0	1.02904941	786	1.6014423228571428	0.9301587285714286
787	0.93333333	2.0	787	1.635080231904762	0.9301587285714286
788	0.93333333	2.0	788	1.6119148952380953	0.9301587285714286
789	0.13333333	1.0	789	1.6452407447619046	0.9301587285714286
790	0.93333333	2.0	790	1.6850807799999998	0.9301587285714286
791	0.93333333	2.0	791	1.724920815238095	0.9301587285714286
792	0.93333333	2.0	792	1.7518974585714286	0.9301587285714286
793	0.93333333	2.0	793	1.7788741019047616	0.9301587285714286
794	0.93333333	2.0	794	1.7620474666666666	0.9301587285714286
795	0.93333333	2.0	795	1.7953733161904761	0.9301587285714286
796	0.93333333	2.0	796	1.8121999514285714	0.9301587285714286
797	1.0	1.43349049	797	1.8584356938095237	0.9301587285714286
798	1.0	0.94701842	798	1.825109844285714	0.9333333319047619
799	1.0	2.0	799	1.825109844285714	0.9365079352380952
800	1.0	2.0	800	1.8727288919047618	0.9777777766666667
801	1.0	2.0	801	1.8559022566666665	0.98095238
802	1.0	2.0	802	1.8390756214285713	0.9841269833333334
803	1.0	2.0	803	1.8390756214285713	0.9873015866666667
804	1.0	1.64664066	804	1.8390756214285713	0.99047619
805	1.0	2.0	805	1.822248986190476	0.9936507933333333
806	1.0	2.0	806	1.805422350952381	0.9968253966666667
807	1.0	2.0	807	1.7655823157142858	1.0
808	1.0	1.30015716	808	1.749435756190476	1.0
809	1.0	2.0	809	1.772601092857143	1.0
810	1.0	2.0	810	1.772601092857143	1.0
811	1.0	1.64664066	811	1.738223564761905	0.9682539680952382
812	1.0	1.64664066	812	1.7213969295238096	0.9682539680952382
813	1.0	2.0	813	1.7213969295238096	0.9682539680952382
814	1.0	2.0	814	1.7045702942857144	0.9682539680952382
815	1.0	1.64664066	815	1.6662093804761906	0.9682539680952382
816	1.0	1.64664066	816	1.6493827452380954	0.9682539680952382
817	1.0	1.16335926	817	1.6493827452380954	0.9682539680952382
818	1.0	1.09441274	818	1.63255611	0.9682539680952382
819	1.0	1.43349049	819	1.6490553242857144	0.9682539680952382
820	1.0	2.0	820	1.6146777961904764	0.9682539680952382
821	0.33333333	1.27807191	821	1.6146777961904761	0.9682539680952382
822	1.0	1.64664066	822	1.6146777961904764	0.9682539680952382
823	1.0	2.0	823	1.6146777961904761	0.9682539680952382
824	1.0	1.64664066	824	1.5813519466666668	0.9682539680952382
825	1.0	0.84106147	825	1.5645253114285713	0.9682539680952382
826	1.0	1.64664066	826	1.5645253114285713	0.9682539680952382
827	1.0	2.0	827	1.5645253114285713	0.9682539680952382
828	1.0	1.64664066	828	1.5773887033333334	0.9682539680952382
829	1.0	1.64664066	829	1.603685270952381	0.9682539680952382
830	1.0	1.27807191	830	1.6306619142857142	0.9682539680952382
831	1.0	2.0	831	1.6306619142857142	0.9682539680952382
832	1.0	1.64664066	832	1.6482128071428572	1.0
833	1.0	1.64664066	833	1.6482128071428572	1.0
834	1.0	1.30015716	834	1.6482128071428572	1.0
835	1.0	1.64664066	835	1.6650394423809523	1.0
836	1.0	1.64664066	836	1.7202269914285713	1.0
837	1.0	1.64664066	837	1.7202269914285713	1.0
838	1.0	1.43349049	838	1.7202269914285713	1.0
839	1.0	1.64664066	839	1.689434579047619	0.9587301585714285
840	1.0	2.0	840	1.6586421666666666	0.917460317142857
841	1.0	2.0	841	1.6573246823809522	0.9142857138095237
842	1.0	1.64664066	842	1.6573246823809522	0.9111111104761904
843	1.0	1.64664066	843	1.6384563052380954	0.9079365071428571
844	1.0	2.0	844	1.6552829404761904	0.9047619038095237
845	1.0	2.0	845	1.656035530952381	0.8920634909523809
846	1.0	2.0	846	1.6728621661904761	0.8793650780952381
847	1.0	1.64664066	847	1.6375080747619049	0.8666666652380952
848	1.0	2.0	848	1.6131034423809525	0.8539682523809523
849	0.13333333	1.0	849	1.559803147142857	0.8412698395238094
850	0.13333333	1.0	850	1.5353985147619047	0.8285714266666666
851	0.93333333	1.25040474	851	1.5028252557142858	0.8158730138095238
852	0.93333333	2.0	852	1.4859986204761906	0.8158730138095238
853	0.93333333	1.25040474	853	1.4684477276190475	0.8158730138095238
854	0.93333333	2.0	854	1.4684477276190475	0.8158730138095238
855	0.73333333	1.31596156	855	1.4247193547619048	0.8158730138095238
856	0.73333333	2.0	856	1.4078927195238096	0.8158730138095238
857	0.73333333	0.90420474	857	1.3338636833333333	0.8158730138095238
858	0.73333333	1.13414338	858	1.3338636833333335	0.8158730138095238
859	0.73333333	0.31418429	859	1.287627940952381	0.8158730138095238
860	0.73333333	1.13414338	860	1.2921237857142858	0.8571428552380953
861	0.73333333	1.31596156	861	1.2718568714285714	0.8984126966666667
862	1.0	1.64664066	862	1.2644286809523808	0.9015873000000001
863	1.0	1.27807191	863	1.2374520376190477	0.9047619033333334
864	1.0	1.64664066	864	1.2461704066666666	0.9079365066666667
865	1.0	1.08170417	865	1.2128445571428572	0.91111111
866	1.0	1.64664066	866	1.205577780952381	0.9238095228571429
867	1.0	0.44539024	867	1.1887511457142859	0.9365079357142857
868	1.0	1.64664066	868	1.2409318723809524	0.9492063485714287
869	1.0	1.02904941	869	1.2488372904761906	0.9619047614285715
870	1.0	1.09441274	870	1.2684996766666667	0.9746031742857143
871	1.0	0.5743948	871	1.2929043090476189	0.9873015871428572
872	1.0	1.09441274	872	1.3086509328571427	1.0
873	1.0	1.43349049	873	1.2921517185714286	1.0
874	1.0	1.43349049	874	1.3097026114285715	1.0
875	1.0	1.30015716	875	1.3097026114285715	1.0
876	1.0	1.16335926	876	1.3534309842857142	1.0
877	1.0	1.64664066	877	1.33693177	1.0
878	1.0	2.0	878	1.4109608061904761	1.0
879	1.0	1.30015716	879	1.4109608061904761	1.0
880	1.0	0.7270944	880	1.4403699133333334	1.0
881	1.0	1.64664066	881	1.4834931161904763	1.0
882	1.0	1.64664066	882	1.49884063	1.0
883	1.0	1.30015716	883	1.5419638328571428	1.0
884	1.0	1.64664066	884	1.5689404761904762	1.0
885	1.0	1.64664066	885	1.5560770842857143	1.0
886	1.0	2.0	886	1.5725762985714287	1.0
887	1.0	1.30015716	887	1.5780388057142858	1.0
888	1.0	2.0	888	1.5357251538095238	1.0
889	1.0	1.64664066	889	1.5188985185714285	1.0
890	1.0	1.64664066	890	1.552224368095238	1.0
891	1.0	2.0	891	1.5960122852380951	1.0
892	1.0	0.89669259	892	1.5960122852380951	1.0
893	1.0	2.0	893	1.5960122852380951	1.0
894	1.0	2.0	894	1.6125114995238095	1.0
895	1.0	1.16335926	895	1.6125114995238095	1.0
896	1.0	1.64664066	896	1.579196154761905	1.0
897	1.0	1.27807191	897	1.5623695195238094	1.0
898	1.0	0.75805397	898	1.578868733809524	1.0
899	1.0	1.64664066	899	1.578868733809524	1.0
900	1.0	2.0	900	1.595695369047619	0.9968253966666667
901	1.0	1.64664066	901	1.5948442742857143	0.9936507933333333
902	1.0	1.64664066	902	1.5948442742857143	0.9936507933333333
903	1.0	1.64664066	903	1.6473827223809523	0.9936507933333333
904	1.0	1.64664066	904	1.6473827223809523	0.9936507933333333
905	1.0	1.64664066	905	1.6473827223809523	0.9936507933333333
906	1.0	0.94701842	906	1.6872227576190475	0.9936507933333333
907	1.0	1.64664066	907	1.704049392857143	0.9936507933333333
908	1.0	1.64664066	908	1.738426920952381	0.9936507933333333
909	1.0	2.0	909	1.7296812461904763	0.9936507933333333
910	0.93333333	2.0	910	1.7465078814285715	0.9936507933333333
911	0.93333333	1.62876767	911	1.7465078814285715	0.9936507933333333
912	1.0	2.0	912	1.7633345166666665	0.9936507933333333
913	1.0	2.0	913	1.7633345166666667	0.9936507933333333
914	1.0	2.0	914	1.780161151904762	0.9936507933333333
915	1.0	2.0	915	1.796987787142857	0.9936507933333333
916	1.0	2.0	916	1.8138144223809525	0.9936507933333333
917	1.0	2.0	917	1.8639564023809525	0.9936507933333333
918	1.0	2.0	918	1.8639564023809523	0.9936507933333333
919	1.0	0.5743948	919	1.8335799776190476	0.9873015871428572
920	1.0	2.0	920	1.8040855876190474	0.9809523809523808
921	1.0	2.0	921	1.7609623847619047	0.9841269842857142
922	1.0	2.0	922	1.735516911904762	0.9873015876190475
923	1.0	1.64664066	923	1.6956768766666666	0.9873015876190475
924	1.0	2.0	924	1.6956768766666666	0.9873015876190475
925	1.0	2.0	925	1.637059754761905	0.9873015876190475
926	1.0	2.0	926	1.6026822266666667	0.9873015876190475
927	1.0	2.0	927	1.5360355014285716	0.9873015876190475
928	1.0	1.64664066	928	1.4884164538095237	0.9460317461904763
929	0.86666667	1.00873574	929	1.4884164538095237	0.9047619047619048
930	0.86666667	1.38061781	930	1.556302415714286	0.9047619047619048
931	1.0	1.09441274	931	1.5219248876190477	0.9047619047619048
932	1.0	1.09441274	932	1.4949482442857143	0.9047619047619048
933	1.0	1.16335926	933	1.478121609047619	0.9047619047619048
934	1.0	2.0	934	1.4781216090476188	0.9047619047619048
935	1.0	0.76904044	935	1.4447957595238095	0.9047619047619048
936	1.0	1.27807191	936	1.4447957595238095	0.9047619047619048
937	1.0	0.60041877	937	1.3971767119047618	0.8634920633333333
938	0.13333333	1.0	938	1.3971767119047618	0.8634920633333333
939	0.13333333	2.0	939	1.3483469904761904	0.838095238095238
940	1.0	2.0	940	1.3787234152380952	0.8444444442857142
941	1.0	1.27807191	941	1.4082178052380951	0.8507936504761905
942	1.0	1.43349049	942	1.4163633928571429	0.8476190471428572
943	1.0	1.64664066	943	1.4594865957142855	0.8476190471428572
944	1.0	1.64664066	944	1.4824999957142857	0.8476190471428572
945	1.0	1.30015716	945	1.4656733604761905	0.8476190471428572
946	1.0	2.0	946	1.5242904823809522	0.8476190471428572
947	0.13333333	1.0	947	1.5409902804761904	0.8444444438095238
948	1.0	2.0	948	1.5726593904761905	0.8412698404761905
949	0.46666667	0.62121651	949	1.568139660952381	0.8793650785714284
950	1.0	1.64664066	950	1.5230742828571426	0.9174603166666666
951	1.0	2.0	951	1.478298760952381	0.9142857133333332
952	0.93333333	1.26547008	952	1.4676109109523812	0.9111111099999999
953	1.0	2.0	953	1.4945875542857143	0.9079365066666666
954	1.0	1.64664066	954	1.5114141895238096	0.9047619033333332
955	1.0	1.64664066	955	1.5105630947619046	0.9015872999999999
956	1.0	2.0	956	1.508193931904762	0.8984126966666666
957	0.93333333	1.62876767	957	1.490516201904762	0.8952380933333333
958	0.93333333	1.26547008	958	1.5213086142857144	0.9365079347619046
959	0.93333333	0.90508568	959	1.5044819790476192	0.9365079347619046
960	0.93333333	1.05362706	960	1.5431616923809524	0.96190476
961	0.93333333	1.05971404	961	1.5431616923809524	0.96190476
962	0.93333333	1.05362706	962	1.5254839623809524	0.9587301566666666
963	0.93333333	2.0	963	1.505755156190476	0.9587301566666666
964	0.93333333	2.0	964	1.5057551561904763	0.9555555533333333
965	0.93333333	1.62876767	965	1.5049040614285714	0.95238095
966	0.93333333	1.25040474	966	1.4935558023809523	0.9492063466666666
967	0.93333333	1.62876767	967	1.4935558023809523	0.9460317433333333
968	1.0	1.64664066	968	1.4636144847619048	0.9079365052380953
969	1.0	1.64664066	969	1.4799614542857145	0.9047619023809523
970	1.0	1.43349049	970	1.495279833809524	0.9015872995238096
971	1.0	1.64664066	971	1.4931421519047618	0.8984126966666667
972	0.93333333	1.62876767	972	1.519287028095238	0.8952380938095239
973	0.93333333	0.85116515	973	1.5457217604761904	0.8920634909523809
974	0.93333333	2.0	974	1.5270911147619048	0.8888888880952381
975	0.93333333	1.62876767	975	1.5073855504761906	0.882539681904762
976	0.93333333	1.40832722	976	1.5250632804761906	0.8444444438095238
977	0.93333333	2.0	977	1.5607582928571428	0.8063492057142858
978	0.13333333	1.0	978	1.5784360228571428	0.7650793647619047
979	0.86666667	1.60875644	979	1.5476436104761904	0.7238095233333333
980	0.86666667	1.22677165	980	1.5644702457142858	0.6825396819047619
981	0.86666667	1.00873574	981	1.561952499047619	0.6761904757142856
982	0.86666667	1.60875644	982	1.5318635085714287	0.6730158723809523
983	0.86666667	1.60875644	983	1.5495412385714284	0.6761904757142856
984	0.86666667	1.60875644	984	1.5611244571428569	0.679365079047619
985	0.8	1.58618315	985	1.5611244571428569	0.679365079047619
986	0.13333333	2.0	986	1.5337368090476189	0.679365079047619
987	0.13333333	2.0	987	1.5337368090476189	0.679365079047619
988	0.06666667	2.0	988	1.48186871	0.679365079047619
989	0.13333333	1.0	989	1.5118100276190476	0.7174603171428571
990	0.13333333	2.0	990	1.4947456609523808	0.72063492
991	0.86666667	1.38061781	991	1.5129354128571428	0.72063492
992	0.93333333	1.01477186	992	1.560138472857143	0.7269841261904761
993	1.0	2.0	993	1.5262306704761903	0.7333333323809524
994	1.0	1.09441274	994	1.544861316190476	0.7396825385714285
995	0.93333333	2.0	995	1.5466653266666666	0.7460317447619047
996	0.93333333	1.05362706	996	1.5073755928571428	0.7492063480952381
997	0.93333333	1.40832722	997	1.4905489576190476	0.7904761895238095
998	0.93333333	0.91076992	998	1.4316613033333334	0.831746030952381
999	0.93333333	1.62876767	999	1.3885381004761905	0.8761904752380952
1000	0.93333333	1.25040474	1000	1.3885381004761905	0.8761904752380952
1001	0.86666667	1.60875644	1001	1.3409190528571429	0.8761904752380952
1002	1.0	2.0	1002	1.3360359147619048	0.8507936495238096
1003	1.0	0.89669259	1003	1.3360359147619048	0.8507936495238096
1004	1.0	2.0	1004	1.2909705366666668	0.8476190461904762
1005	1.0	1.64664066	1005	1.3059188452380954	0.8444444428571429
1006	0.86666667	0.76109874	1006	1.2442123504761906	0.8444444428571429
1007	1.0	1.64664066	1007	1.2345713071428572	0.8444444428571429
1008	1.0	0.76335926	1008	1.2012370585714285	0.8444444428571429
1009	1.0	1.09441274	1009	1.2531051576190475	0.8444444428571429
1010	0.13333333	1.0	1010	1.2531051576190477	0.8444444428571429
1011	0.13333333	1.0	1011	1.28880017	0.8444444428571429
1012	0.33333333	1.27807191	1012	1.268540859047619	0.8412698395238094
1013	0.93333333	1.01477186	1013	1.268540859047619	0.8349206333333333
1014	0.93333333	1.05362706	1014	1.262084009047619	0.8285714271428571
1015	0.93333333	1.40832722	1015	1.262084009047619	0.8253968238095238
1016	0.93333333	0.70416361	1016	1.2341351223809525	0.8222222204761904
1017	0.93333333	0.85116515	1017	1.2360772100000001	0.8253968233333333
1018	0.93333333	0.708308	1018	1.2352261152380952	0.8222222199999999
1019	0.93333333	2.0	1019	1.2941137695238094	0.8190476166666666
1020	0.93333333	1.62876767	1020	1.3090620780952382	0.8158730133333333
1021	0.93333333	2.0	1021	1.3390033957142857	0.8539682514285714
1022	0.8	1.18331091	1022	1.3697958080952382	0.8952380928571428
1023	0.86666667	2.0	1023	1.4041733361904762	0.9269841247619046
1024	0.86666667	0.76109874	1024	1.425204940952381	0.9079365057142856
1025	0.93333333	2.0	1025	1.470270319047619	0.8825396804761904
1026	0.93333333	1.05971404	1026	1.4640676852380952	0.8857142838095238
1027	0.93333333	0.80188258	1027	1.4987975366666666	0.8888888871428571
1028	0.93333333	1.62876767	1028	1.53257553	0.8793650776190476
1029	0.93333333	2.0	1029	1.5717515495238097	0.8666666652380951
1030	0.93333333	1.40832722	1030	1.5717515495238097	0.8539682528571427
1031	0.93333333	1.62876767	1031	1.541810231904762	0.8158730147619047
1032	1.0	1.64664066	1032	1.541810231904762	0.819047618095238
1033	1.0	2.0	1033	1.5807001885714285	0.8285714276190477
1034	0.53333333	1.45643556	1034	1.5375769857142858	0.8349206338095237
1035	0.4	2.0	1035	1.5965722838095238	0.8412698399999999
1036	1.0	1.27807191	1036	1.5965722838095238	0.8444444433333332
1037	1.0	1.43349049	1037	1.5982246028571432	0.8476190466666667
1038	0.73333333	1.56050301	1038	1.594663260952381	0.85079365
1039	0.66666667	1.53100441	1039	1.5955143557142857	0.8539682533333333
1040	0.66666667	2.0	1040	1.551785982857143	0.8571428566666667
1041	0.13333333	1.0	1041	1.563134241904762	0.86031746
1042	1.0	2.0	1042	1.5538353285714288	0.8634920633333333
1043	1.0	2.0	1043	1.5706619638095238	0.8634920633333333
1044	1.0	1.09441274	1044	1.5538353285714284	0.8634920633333333
1045	1.0	2.0	1045	1.562892714285714	0.8857142857142856
1046	1.0	2.0	1046	1.546066079047619	0.9142857142857143
1047	1.0	1.09441274	1047	1.5471177576190474	0.9142857142857143
1048	1.0	0.7270944	1048	1.574094400952381	0.9142857142857143
1049	1.0	1.64664066	1049	1.578196193809524	0.926984127142857
1050	1.0	1.08170417	1050	1.583702681904762	0.9428571428571428
1051	1.0	1.64664066	1051	1.5668760466666667	0.9587301585714285
1052	1.0	1.43349049	1052	1.597668459047619	1.0
1053	1.0	2.0	1053	1.5578284238095237	1.0
1054	1.0	1.64664066	1054	1.5578284238095237	1.0
1055	1.0	1.64664066	1055	1.5841249914285715	1.0
1056	1.0	1.64664066	1056	1.5841249914285715	1.0
1057	1.0	1.30015716	1057	1.567298356190476	1.0
1058	1.0	2.0	1058	1.6104215590476192	1.0
1059	1.0	1.64664066	1059	1.6710361114285717	1.0
1060	1.0	1.64664066	1060	1.6878627466666667	1.0
1061	1.0	1.64664066	1061	1.7315911195238096	1.0
1062	1.0	1.64664066	1062	1.748417754761905	1.0
1063	1.0	1.16335926	1063	1.7585677628571428	1.0
1064	1.0	2.0	1064	1.7417411276190475	1.0
1065	1.0	1.64664066	1065	1.741741127619048	1.0
1066	1.0	2.0	1066	1.758567762857143	1.0
1067	1.0	1.64664066	1067	1.7585677628571428	1.0
1068	1.0	2.0	1068	1.7649169690476192	1.0
1069	1.0	2.0	1069	1.7480903338095237	1.0
1070	1.0	2.0	1070	1.737940325714286	1.0
1071	1.0	2.0	1071	1.7379403257142858	1.0
1072	1.0	2.0	1072	1.7379403257142858	1.0
1073	1.0	1.64664066	1073	1.7214411114285715	1.0
1074	1.0	1.64664066	1074	1.7444545114285717	1.0
1075	1.0	1.64664066	1075	1.7444545114285717	1.0
1076	1.0	2.0	1076	1.7612811466666667	1.0
1077	1.0	1.64664066	1077	1.7444545114285712	1.0
1078	1.0	1.43349049	1078	1.7612811466666665	1.0
1079	1.0	1.64664066	1079	1.6906224938095238	0.9968253966666667
1080	1.0	1.43349049	1080	1.6729447638095238	0.9936507933333333
1081	1.0	1.64664066	1081	1.5813174138095238	0.99047619
1082	1.0	1.64664066	1082	1.563639683809524	0.9873015866666667
1083	1.0	1.30015716	1083	1.545961953809524	0.9841269833333334
1084	1.0	1.64664066	1084	1.5451108590476192	0.98095238
1085	1.0	2.0	1085	1.5619374942857143	0.9396825385714285
1086	1.0	2.0	1086	1.531145081904762	0.8984126971428572
1087	1.0	1.64664066	1087	1.4835260342857144	0.8571428557142857
1088	1.0	2.0	1088	1.481722023809524	0.8507936495238096
1089	0.93333333	0.51616829	1089	1.4792042771428573	0.8444444433333332
1090	0.93333333	1.62876767	1090	1.4774002666666668	0.8380952371428572
1091	0.93333333	0.07582565	1091	1.5043769100000002	0.831746030952381
1092	0.93333333	1.62876767	1092	1.4475562328571427	0.8253968247619048
1093	0.93333333	1.62876767	1093	1.40538757	0.8190476185714287
1094	0.93333333	1.62876767	1094	1.4016015223809524	0.8126984123809523
1095	0.13333333	2.0	1095	1.3338634457142855	0.8063492061904762
1096	0.13333333	1.0	1096	1.2721616457142857	0.8
1097	0.13333333	1.0	1097	1.2721616457142857	0.8
1098	0.86666667	1.60875644	1098	1.288988280952381	0.7968253966666667
1099	0.86666667	1.38061781	1099	1.271310550952381	0.7936507933333333
1100	0.86666667	1.60875644	1100	1.3242914738095237	0.7936507933333333
1101	0.86666667	2.0	1101	1.2969038257142858	0.7936507933333333
1102	0.86666667	0.45340644	1102	1.3708534457142858	0.7936507933333333
1103	0.86666667	0.76109874	1103	1.3603562814285715	0.7936507933333333
1104	0.86666667	1.22065016	1104	1.3498591171428571	0.7936507933333333
1105	0.86666667	0.22414105	1105	1.3498591171428571	0.7936507933333333
1106	0.86666667	0.7042622	1106	1.3216842228571428	0.8317460314285715
1107	1.0	2.0	1107	1.3693032704761905	0.8698412695238095
1108	0.93333333	2.0	1108	1.3992445880952382	0.9079365076190475
1109	0.93333333	1.62876767	1109	1.4001975038095238	0.9111111104761904
1110	0.93333333	1.62876767	1110	1.3963660442857144	0.9174603166666667
1111	0.93333333	1.05362706	1111	1.41499669	0.9238095228571429
1112	0.93333333	1.62876767	1112	1.349507196190476	0.930158729047619
1113	0.93333333	1.40832722	1113	1.3794261357142856	0.9365079352380952
1114	0.93333333	1.40832722	1114	1.4384214338095238	0.9428571414285715
1115	0.93333333	1.62876767	1115	1.4356932957142856	0.9492063476190477
1116	0.93333333	1.40832722	1116	1.4932813642857143	0.9555555538095238
1117	0.93333333	2.0	1117	1.5549831642857144	0.96190476
1118	0.93333333	1.62876767	1118	1.538156529047619	0.96190476
1119	0.93333333	1.62876767	1119	1.538156529047619	0.9650793633333333
1120	1.0	1.30015716	1120	1.5390076238095236	0.9682539666666666
1121	1.0	2.0	1121	1.5398587185714285	0.9714285699999999
1122	1.0	0.62472063	1122	1.5680974614285716	0.9746031733333334
1123	1.0	1.08170417	1123	1.5689485561904761	0.9777777766666667
1124	1.0	2.0	1124	1.5802968152380952	0.98095238
1125	1.0	1.16335926	1125	1.5498545876190475	0.9841269833333334
1126	1.0	1.43349049	1126	1.5405556742857143	0.9873015866666667
1127	1.0	2.0	1127	1.5417539252380952	0.99047619
1128	1.0	1.64664066	1128	1.5073763971428573	0.9936507933333333
1129	1.0	2.0	1129	1.4755817176190476	0.9968253966666667
1130	1.0	1.64664066	1130	1.4662828042857143	1.0
1131	1.0	1.64664066	1131	1.4827820185714284	1.0
1132	1.0	1.64664066	1132	1.449456169047619	1.0
1133	1.0	1.64664066	1133	1.514945662857143	1.0
1134	1.0	1.64664066	1134	1.5155508328571428	1.0
1135	1.0	0.76904044	1135	1.4885741895238096	1.0
1136	1.0	1.43349049	1136	1.5284142247619048	1.0
1137	1.0	1.43349049	1137	1.5553908680952382	1.0
1138	1.0	1.27807191	1138	1.5553908680952382	1.0
1139	1.0	0.9610794	1139	1.5722175033333332	1.0
1140	1.0	1.43349049	1140	1.5452408599999998	1.0
1141	1.0	1.64664066	1141	1.5183391223809524	0.9619047619047618
1142	1.0	1.30015716	1142	1.5351657576190476	0.9238095238095237
1143	1.0	2.0	1143	1.5351657576190476	0.9238095238095237
1144	1.0	1.09441274	1144	1.4755668885714286	0.9238095238095237
1145	1.0	1.43349049	1145	1.428666431904762	0.9238095238095237
1146	1.0	2.0	1146	1.4603069104761903	0.9238095238095237
1147	1.0	2.0	1147	1.487283553809524	0.9238095238095237
1148	1.0	2.0	1148	1.4974335619047618	0.9238095238095237
1149	1.0	2.0	1149	1.4974335619047618	0.9238095238095237
1150	1.0	1.43349049	1150	1.5469059714285713	0.9238095238095237
1151	0.2	1.08170417	1151	1.530154241904762	0.9238095238095237
1152	0.2	2.0	1152	1.5200042338095239	0.9238095238095237
1153	1.0	1.64664066	1153	1.513490048095238	0.9238095238095237
1154	1.0	0.39506441	1154	1.4865134047619049	0.9238095238095237
1155	1.0	0.66173107	1155	1.5128099723809523	0.9238095238095237
1156	1.0	1.43349049	1156	1.5064607661904763	0.9238095238095237
1157	1.0	2.0	1157	1.4633375633333334	0.9238095238095237
1158	1.0	1.64664066	1158	1.3828860266666667	0.9238095238095237
1159	1.0	1.27807191	1159	1.3660593914285715	0.9238095238095237
1160	1.0	2.0	1160	1.3492327561904762	0.9238095238095237
1161	1.0	1.08170417	1161	1.3762093995238096	0.9238095238095237
1162	1.0	1.43349049	1162	1.4031111371428573	0.9619047619047618
1163	1.0	1.16335926	1163	1.368733609047619	1.0
1164	1.0	1.43349049	1164	1.368733609047619	1.0
1165	1.0	1.64664066	1165	1.405319078095238	1.0
1166	1.0	1.30015716	1166	1.405319078095238	1.0
1167	1.0	1.09441274	1167	1.398969871904762	1.0
1168	1.0	0.31051773	1168	1.3719932285714287	1.0
1169	1.0	1.64664066	1169	1.3618432204761906	1.0
1170	1.0	1.64664066	1170	1.3793941133333334	1.0
1171	1.0	2.0	1171	1.35241747	1.0
1172	1.0	1.64664066	1172	1.3617683147619049	1.0
1173	1.0	1.27807191	1173	1.3887449580952382	1.0
1174	1.0	1.64664066	1174	1.40160835	1.0
1175	1.0	1.16335926	1175	1.4285849933333334	1.0
1176	1.0	0.66173107	1176	1.4172367342857144	0.9968253966666667
1177	1.0	1.30015716	1177	1.4223876895238097	0.9936507933333333
1178	1.0	1.43349049	1178	1.4655108923809526	0.9936507933333333
1179	1.0	1.43349049	1179	1.49077488	0.9936507933333333
1180	1.0	1.64664066	1180	1.4644783123809524	0.9936507933333333
1181	1.0	1.43349049	1181	1.4318325380952384	0.9936507933333333
1182	1.0	1.27807191	1182	1.370544250952381	0.99047619
1183	1.0	2.0	1183	1.334832438095238	0.99047619
1184	1.0	1.43349049	1184	1.3523833309523812	0.99047619
1185	1.0	2.0	1185	1.352383330952381	0.99047619
1186	0.93333333	1.40832722	1186	1.3459876238095236	0.99047619
1187	0.93333333	1.40832722	1187	1.4097147157142857	0.99047619
1188	1.0	2.0	1188	1.4262139299999999	0.99047619
1189	1.0	0.84106147	1189	1.4198647238095237	0.99047619
1190	1.0	1.09441274	1190	1.4468413671428573	0.99047619
1191	1.0	0.9610794	1191	1.4636680023809523	0.99047619
1192	0.93333333	0.71294597	1192	1.4906446457142857	0.99047619
1193	1.0	0.89669259	1193	1.5250221738095238	0.99047619
1194	1.0	1.64664066	1194	1.5081955385714285	0.99047619
1195	1.0	1.64664066	1195	1.5183455466666669	0.99047619
1196	1.0	1.02904941	1196	1.4592052595238096	0.99047619
1197	1.0	2.0	1197	1.4207334285714286	0.9936507933333333
1198	1.0	1.64664066	1198	1.4320816876190476	0.9968253966666667
1199	1.0	1.30015716	1199	1.4152550523809524	0.9968253966666667
1200	1.0	2.0	1200	1.4306025661904762	0.9968253966666667
1201	1.0	2.0	1201	1.439348240952381	0.9968253966666667
1202	1.0	2.0	1202	1.4489806152380953	0.9968253966666667
1203	1.0	2.0	1203	1.4489978228571427	1.0
1204	1.0	1.64664066	1204	1.4682104214285714	1.0
1205	1.0	1.64664066	1205	1.4682104214285714	1.0
1206	1.0	0.75805397	1206	1.4682104214285714	1.0
1207	1.0	0.60041877	1207	1.4976195285714287	1.0
1208	1.0	1.64664066	1208	1.4807928933333334	1.0
1209	1.0	1.64664066	1209	1.4632420004761904	1.0
1210	1.0	1.16335926	1210	1.4379507280952382	1.0
1211	1.0	1.27807191	1211	1.4193200823809524	0.9936507938095238
1212	1.0	1.16335926	1212	1.3719044895238095	0.9873015876190477
1213	1.0	0.71330733	1213	1.324285441904762	0.9841269842857143
1214	1.0	1.30015716	1214	1.2973087985714287	0.9841269842857143
1215	1.0	1.64664066	1215	1.239020849047619	0.980952380952381
1216	1.0	1.64664066	1216	1.239020849047619	0.980952380952381
1217	1.0	1.64664066	1217	1.2981611361904764	0.980952380952381
1218	1.0	1.64664066	1218	1.3479812261904762	0.980952380952381
1219	1.0	1.27807191	1219	1.3216846585714286	0.980952380952381
1220	1.0	0.76904044	1220	1.3216846585714286	0.980952380952381
1221	0.86666667	1.60875644	1221	1.3140584257142858	0.980952380952381
1222	0.86666667	1.00427255	1222	1.3214593104761905	0.980952380952381
1223	0.93333333	1.0	1223	1.327973496190476	0.980952380952381
1224	1.0	1.43349049	1224	1.3548670476190476	0.980952380952381
1225	0.93333333	0.42259372	1225	1.3612162538095238	0.980952380952381
1226	1.0	1.64664066	1226	1.3612162538095238	0.980952380952381
1227	1.0	2.0	1227	1.378042889047619	0.980952380952381
1228	1.0	1.64664066	1228	1.328222799047619	0.980952380952381
1229	1.0	1.09441274	1229	1.3019262314285716	0.980952380952381
1230	1.0	1.64664066	1230	1.2708142657142858	0.980952380952381
1231	1.0	1.00320837	1231	1.2950538595238097	0.980952380952381
1232	1.0	1.43349049	1232	1.2443242785714286	0.9873015871428572
1233	1.0	1.30015716	1233	1.2415978914285715	0.9936507933333333
1234	1.0	1.27807191	1234	1.241750670952381	0.9968253966666667
1235	1.0	1.43349049	1235	1.24055242	0.9936507933333333
1236	1.0	1.64664066	1236	1.2886903614285716	0.9968253966666667
1237	1.0	2.0	1237	1.2721911471428573	0.9968253966666667
1238	1.0	0.60041877	1238	1.245214503809524	0.9968253966666667
1239	1.0	1.09441274	1239	1.262041139047619	0.9968253966666667
1240	1.0	0.62472063	1240	1.2883377066666666	0.9968253966666667
1241	1.0	1.27807191	1241	1.2718384923809525	0.9968253966666667
1242	1.0	0.54343524	1242	1.3193047604761905	0.9904761904761905
1243	1.0	0.94701842	1243	1.2836947138095238	0.9841269842857142
1244	1.0	1.00320837	1244	1.3170205633333334	0.977777778095238
1245	0.93333333	1.40832722	1245	1.3327674457142857	0.9714285719047618
1246	1.0	1.43349049	1246	1.3411134433333334	0.9650793657142858
1247	1.0	1.30015716	1247	1.266592658095238	0.9555555561904763
1248	1.0	1.43349049	1248	1.2396160147619046	0.9555555561904763
1249	1.0	2.0	1249	1.2718852119047621	0.9555555561904763
1250	1.0	1.64664066	1250	1.2880317714285714	0.9555555561904763
1251	1.0	1.30015716	1251	1.33669463	0.9555555561904763
1252	0.86666667	2.0	1252	1.3377463085714285	0.9555555561904763
1253	0.86666667	0.68567951	1253	1.3416170414285715	0.9555555561904763
1254	0.86666667	2.0	1254	1.3917590214285713	0.9523809528571429
1255	0.86666667	1.60875644	1255	1.4392252895238096	0.9523809528571429
1256	0.86666667	1.60875644	1256	1.4392252895238096	0.9523809528571429
1257	0.8	0.08170417	1257	1.4380270385714287	0.9492063495238096
1258	1.0	1.43349049	1258	1.3986750352380954	0.9428571433333333
1259	1.0	1.27807191	1259	1.3516226423809523	0.9428571433333333
1260	1.0	1.43349049	1260	1.2837366804761905	0.9428571433333333
1261	1.0	1.64664066	1261	1.2661857876190479	0.9428571433333333
1262	1.0	1.30015716	1262	1.2190601004761905	0.9428571433333333
1263	1.0	0.62472063	1263	1.2022334652380953	0.9492063495238094
1264	0.93333333	2.0	1264	1.24799352	0.9555555557142857
1265	1.0	2.0	1265	1.24799352	0.9619047619047618
1266	0.93333333	1.40832722	1266	1.223500962857143	0.968253968095238
1267	0.93333333	1.40832722	1267	1.1835144866666667	0.9746031742857142
1268	0.86666667	0.47376509	1268	1.1900077614285716	0.9841269838095237
1269	1.0	0.44539024	1269	1.1707486623809524	0.9841269838095237
1270	1.0	0.5743948	1270	1.185420626190476	0.9746031742857142
1271	1.0	1.27807191	1271	1.1647782219047618	0.9333333328571427
1272	1.0	0.31051773	1272	1.131462877142857	0.9333333328571427
1273	1.0	1.64664066	1273	1.1479620914285715	0.9333333328571427
1274	1.0	1.64664066	1274	1.2134515852380954	0.9333333328571427
1275	1.0	2.0	1275	1.2134515852380954	0.936507936190476
1276	1.0	1.09441274	1276	1.179074057142857	0.936507936190476
1277	1.0	0.76904044	1277	1.1371726533333333	0.9396825395238094
1278	1.0	0.21806294	1278	1.132021698095238	0.9428571428571427
1279	1.0	1.02904941	1279	1.160971178095238	0.949206349047619
1280	0.8	1.58618315	1280	1.2350002142857144	0.949206349047619
1281	0.13333333	1.0	1281	1.286059540952381	0.949206349047619
1282	1.0	0.94701842	1282	1.2773138661904762	0.949206349047619
1283	1.0	1.64664066	1283	1.2896952457142858	0.949206349047619
1284	1.0	2.0	1284	1.2519928138095238	0.9428571428571428
1285	1.0	2.0	1285	1.251141719047619	0.9396825395238095
1286	1.0	1.27807191	1286	1.2229668247619048	0.9365079361904762
1287	1.0	0.52839774	1287	1.2311124123809525	0.9333333328571429
1288	1.0	1.30015716	1288	1.2720518042857143	0.9301587295238095
1289	1.0	1.08170417	1289	1.33922822	0.9269841261904762
1290	1.0	2.0	1290	1.3173729542857142	0.9238095228571429
1291	1.0	1.64664066	1291	1.2714221619047619	0.930158729047619
1292	1.0	1.09441274	1292	1.3022145742857145	0.9714285704761905
1293	1.0	0.5705267	1293	1.3092333514285717	0.9714285704761905
1294	0.86666667	0.85488959	1294	1.2862199514285715	0.9714285704761905
1295	0.93333333	1.62876767	1295	1.2693933161904762	0.9714285704761905
1296	0.93333333	1.40832722	1296	1.2693933161904762	0.9714285704761905
1297	0.93333333	1.26547008	1297	1.2767942009523812	0.9714285704761905
1298	0.93333333	1.62876767	1298	1.28668911	0.9682539671428572
1299	0.93333333	1.62876767	1299	1.265308538095238	0.9650793638095239
1300	0.93333333	0.57008883	1300	1.309036910952381	0.9619047604761904
1301	0.93333333	0.62121651	1301	1.2757110614285714	0.9619047604761904
1302	1.0	1.64664066	1302	1.2757110614285714	0.9619047604761904
1303	1.0	1.09441274	1303	1.283856649047619	0.9587301571428571
1304	1.0	1.16335926	1304	1.335100170952381	0.9587301571428571
1305	1.0	1.64664066	1305	1.360134848095238	0.9587301571428571
1306	1.0	2.0	1306	1.3591819323809524	0.9555555542857144
1307	1.0	1.43349049	1307	1.3873568266666667	0.9523809514285714
1308	0.93333333	0.73619083	1308	1.4223344419047619	0.9492063485714285
1309	0.93333333	0.85116515	1309	1.421381526190476	0.9460317457142857
1310	0.93333333	2.0	1310	1.3914402085714286	0.9079365076190475
1311	1.0	1.30015716	1311	1.4595312166666667	0.8698412695238095
1312	1.0	1.64664066	1312	1.4865552819047618	0.8634920633333333
1313	0.93333333	1.26547008	1313	1.469004389047619	0.8634920633333333
1314	1.0	1.64664066	1314	1.5121275919047619	0.8634920633333333
1315	0.86666667	1.38061781	1315	1.5186417776190477	0.8634920633333333
1316	0.86666667	1.60875644	1316	1.4892326704761905	0.8634920633333333
1317	0.86666667	2.0	1317	1.4548551423809524	0.8634920633333333
1318	0.86666667	2.0	1318	1.4485059361904762	0.8634920633333333
1319	0.86666667	1.60875644	1319	1.49186069	0.8666666666666666
1320	0.13333333	1.0	1320	1.5297404761904763	0.86984127
1321	0.13333333	2.0	1321	1.483504733809524	0.8730158733333333
1322	0.8	1.18872188	1322	1.4898539400000002	0.8730158733333333
1323	1.0	1.27807191	1323	1.4898539400000002	0.8730158733333333
1324	1.0	2.0	1324	1.4811031823809526	0.8761904766666666
1325	1.0	1.30015716	1325	1.464603968095238	0.8761904766666666
1326	1.0	1.02904941	1326	1.494098358095238	0.8825396828571428
1327	1.0	1.27807191	1327	1.5127290038095238	0.86984127
1328	1.0	1.30015716	1328	1.4651099561904761	0.873015872857143
1329	1.0	1.64664066	1329	1.4036008133333335	0.8761904757142858
1330	1.0	1.64664066	1330	1.422231459047619	0.882539681904762
1331	1.0	1.02904941	1331	1.4530238714285715	0.9238095233333334
1332	1.0	1.43349049	1332	1.4248489771428572	0.9619047614285715
1333	1.0	1.64664066	1333	1.4162782085714287	0.9650793647619048
1334	1.0	1.08170417	1334	1.3880690466666668	0.9587301585714285
1335	1.0	1.30015716	1335	1.3418333042857142	0.9587301585714285
1336	1.0	2.0	1336	1.3481825104761904	0.9587301585714285
1337	0.6	2.0	1337	1.3674416095238096	0.9587301585714285
1338	0.93333333	1.0	1338	1.3748424942857145	0.9587301585714285
1339	0.93333333	0.708308	1339	1.3913417085714286	0.9587301585714285
1340	1.0	2.0	1340	1.3607020757142858	0.9587301585714285
1341	1.0	1.64664066	1341	1.3607020757142858	0.9587301585714285
1342	0.93333333	1.40832722	1342	1.3901111828571429	0.9587301585714285
1343	0.86666667	1.00873574	1343	1.400261190952381	0.9587301585714285
1344	0.86666667	0.68567951	1344	1.3837619766666667	0.9587301585714285
1345	1.0	1.02904941	1345	1.354494418095238	0.9587301585714285
1346	1.0	1.43349049	1346	1.344091894761905	0.9587301585714285
1347	1.0	1.43349049	1347	1.300363521904762	0.9587301585714285
1348	1.0	1.43349049	1348	1.2835368866666668	0.9777777776190475
1349	1.0	1.64664066	1349	1.2725388123809525	0.9809523809523808
1350	1.0	1.00320837	1350	1.2942079199999998	0.9841269842857142
1351	1.0	1.64664066	1351	1.2672312766666667	0.9841269842857142
1352	1.0	1.64664066	1352	1.2345855023809524	0.9841269842857142
1353	1.0	1.64664066	1353	1.1946902395238095	0.9873015876190475
1354	1.0	1.30015716	1354	1.2242155695238095	0.9904761904761903
1355	1.0	0.46708544	1355	1.25347641	0.9968253966666667
1356	1.0	1.08170417	1356	1.2997121523809523	0.9936507933333333
1357	1.0	1.08170417	1357	1.2790697480952382	0.952380951904762
1358	1.0	1.64664066	1358	1.258427343809524	0.9111111104761905
1359	1.0	0.76904044	1359	1.2854039871428573	0.8952380947619047
1360	1.0	1.16335926	1360	1.3022306223809526	0.8793650790476191
1361	1.0	1.43349049	1361	1.3496968904761903	0.8793650790476191
1362	1.0	0.9610794	1362	1.3496968904761903	0.8793650790476191
1363	1.0	0.5705267	1363	1.3665235257142858	0.8793650790476191
1364	0.93333333	1.62876767	1364	1.3178606671428572	0.8793650790476191
1365	1.0	1.30015716	1365	1.3343598814285715	0.8793650790476191
1366	0.93333333	2.0	1366	1.3356499509523811	0.8793650790476191
1367	0.13333333	1.0	1367	1.3317592761904762	0.8380952376190477
1368	0.13333333	1.0	1368	1.3278686014285714	0.7968253961904762
1369	0.66666667	2.0	1369	1.3446952366666667	0.7555555547619047
1370	0.66666667	2.0	1370	1.355693310952381	0.7142857133333333
1371	1.0	2.0	1371	1.3479142985714287	0.6730158719047619
1372	1.0	1.64664066	1372	1.374890941904762	0.6730158719047619
1373	1.0	2.0	1373	1.363748799047619	0.6730158719047619
1374	1.0	0.62472063	1374	1.4318189561904762	0.6730158719047619
1375	1.0	1.64664066	1375	1.4161708366666668	0.6761904752380952
1376	1.0	0.4941769	1376	1.4494966861904761	0.6761904752380952
1377	0.13333333	1.0	1377	1.422520042857143	0.6793650785714286
1378	0.13333333	1.0	1378	1.4431624471428572	0.72063492
1379	0.13333333	2.0	1379	1.4739548595238094	0.7619047614285714
1380	0.13333333	1.0	1380	1.44062901	0.7777777771428572
1381	0.13333333	1.0	1381	1.3975058071428572	0.7936507928571428
1382	1.0	2.0	1382	1.3537774342857143	0.7936507928571428
1383	1.0	0.7270944	1383	1.3537774342857145	0.7936507928571428
1384	1.0	2.0	1384	1.3537774342857145	0.7936507928571428
1385	1.0	1.30015716	1385	1.3859410785714286	0.7936507928571428
1386	1.0	2.0	1386	1.3859410785714286	0.7936507928571428
1387	1.0	1.43349049	1387	1.3990298185714285	0.7936507928571428
1388	1.0	1.43349049	1388	1.4196722228571428	0.8349206342857143
1389	1.0	1.64664066	1389	1.440314627142857	0.8761904757142858
1390	1.0	1.30015716	1390	1.3940788847619048	0.917460317142857
1391	1.0	1.09441274	1391	1.4416979323809525	0.9587301585714285
1392	1.0	1.08170417	1392	1.4455886071428572	1.0
1393	1.0	1.64664066	1393	1.428761971904762	1.0
1394	1.0	2.0	1394	1.4893765242857144	1.0
1395	1.0	1.30015716	1395	1.4549989961904763	0.9841269842857143
1396	1.0	1.64664066	1396	1.488324845714286	0.980952380952381
1397	1.0	0.76904044	1397	1.4533472304761905	0.9777777776190477
1398	1.0	1.43349049	1398	1.4634972385714287	0.9777777776190477
1399	1.0	1.43349049	1399	1.456096353809524	0.9777777776190477
1400	1.0	1.02904941	1400	1.456096353809524	0.9777777776190477
1401	1.0	2.0	1401	1.472595568095238	0.9777777776190477
1402	1.0	1.08170417	1402	1.4551042185714285	0.9777777776190477
1403	1.0	1.64664066	1403	1.4321858661904763	0.9777777776190477
1404	1.0	2.0	1404	1.4052841285714286	0.9777777776190477
1405	0.66666667	1.27807191	1405	1.3654440933333334	0.9777777776190477
1406	0.93333333	2.0	1406	1.3525342004761907	0.9777777776190477
1407	0.93333333	1.26547008	1407	1.3525342004761907	0.9777777776190477
1408	1.0	1.64664066	1408	1.3767737942857143	0.9777777776190477
1409	1.0	1.27807191	1409	1.3400233457142856	0.9777777776190477
1410	1.0	1.64664066	1410	1.3501733538095237	0.9777777776190477
1411	1.0	1.64664066	1411	1.335794543809524	0.9777777776190477
1412	1.0	0.7270944	1412	1.2883282757142858	0.9777777776190477
1413	1.0	0.60041877	1413	1.2703548485714284	0.9714285714285713
1414	1.0	1.08170417	1414	1.269503753809524	0.968253968095238
1415	1.0	1.16335926	1415	1.198845100952381	0.9650793647619047
1416	1.0	1.02904941	1416	1.1690041576190477	0.9682539676190475
1417	1.0	1.64664066	1417	1.1492985933333333	0.9619047614285714
1418	1.0	1.27807191	1418	1.1509503590476189	0.9650793647619047
1419	1.0	0.66173107	1419	1.1509503590476189	0.9650793647619047
1420	1.0	1.64664066	1420	1.1583512438095238	0.9650793647619047
1421	1.0	0.7270944	1421	1.175177879047619	0.9650793647619047
1422	1.0	1.00320837	1422	1.1418625342857145	0.9650793647619047
1423	0.86666667	0.7042622	1423	1.1593538838095239	0.9650793647619047
1424	0.93333333	1.62876767	1424	1.178534340952381	0.9650793647619047
1425	0.93333333	0.51616829	1425	1.1721207338095236	0.9650793647619047
1426	0.73333333	0.6514121	1426	1.1721207338095236	0.9650793647619047
1427	0.8	1.58618315	1427	1.1682144961904761	0.9650793647619047
1428	1.0	1.30015716	1428	1.1183944061904763	0.9650793647619047
1429	1.0	1.64664066	1429	1.0679177885714286	0.9650793647619047
1430	1.0	1.43349049	1430	1.1148182452380955	0.9650793647619047
1431	1.0	2.0	1431	1.098319030952381	0.9650793647619047
1432	1.0	0.94701842	1432	1.1412558533333335	0.9619047614285714
1433	1.0	1.09441274	1433	1.1710443914285715	0.958730158095238
1434	1.0	1.00320837	1434	1.2045712971428573	0.961904760952381
1435	1.0	0.94701842	1435	1.1927546371428572	0.9587301580952382
1436	1.0	1.16335926	1436	1.2634132900000001	0.9555555552380953
1437	1.0	0.94701842	1437	1.2659299614285713	0.9619047619047618
1438	1.0	0.60041877	1438	1.2856355257142857	0.9650793652380952
1439	1.0	0.21806294	1439	1.273188203809524	0.958730159047619
1440	1.0	1.64664066	1440	1.2900148390476192	0.9523809528571429
1441	1.0	1.30015716	1441	1.2820138671428571	0.9492063495238096
1442	0.93333333	1.62876767	1442	1.215367141904762	0.9492063495238096
1443	0.93333333	1.62876767	1443	1.2042380423809524	0.9492063495238096
1444	0.93333333	1.40832722	1444	1.160110630952381	0.9492063495238096
1445	0.86666667	1.38061781	1445	1.1907502638095238	0.9492063495238096
1446	0.86666667	2.0	1446	1.2408922438095238	0.9492063495238096
1447	0.86666667	0.7042622	1447	1.2474064295238096	0.9492063495238096
1448	0.86666667	2.0	1448	1.2538200366666667	0.9492063495238096
1449	0.86666667	1.0387634	1449	1.26184964	0.9492063495238096
1450	0.86666667	2.0	1450	1.3123262576190478	0.9492063495238096
1451	0.93333333	1.26547008	1451	1.2649344214285714	0.9365079366666665
1452	1.0	0.60041877	1452	1.298260270952381	0.9365079366666665
1453	1.0	0.71330733	1453	1.2991113657142856	0.9396825400000001
1454	1.0	0.1677371	1454	1.2824115676190477	0.9428571433333333
1455	1.0	1.64664066	1455	1.2937598266666666	0.9460317466666668
1456	1.0	2.0	1456	1.3232542166666665	0.9523809528571429
1457	1.0	1.30015716	1457	1.2899283671428572	0.958730159047619
1458	1.0	1.08170417	1458	1.334803531904762	0.9650793652380952
1459	1.0	0.76904044	1459	1.334803531904762	0.9714285714285713
1460	1.0	1.27807191	1460	1.35360006	0.9777777776190475
1461	0.73333333	0.6514121	1461	1.3266234166666666	0.9841269838095237
1462	1.0	2.0	1462	1.3447743966666668	0.9873015871428572
1463	1.0	1.64664066	1463	1.4114211219047619	0.9873015871428572
1464	1.0	1.27807191	1464	1.4726922014285715	0.9873015871428572
1465	1.0	1.64664066	1465	1.5098008357142856	0.9873015871428572
1466	1.0	2.0	1466	1.4653563914285717	0.9873015871428572
1467	1.0	1.30015716	1467	1.4485297561904762	0.9873015871428572
1468	1.0	1.64664066	1468	1.437954268095238	0.9714285714285713
1469	1.0	2.0	1469	1.4593495176190476	0.9555555557142857
1470	1.0	1.43349049	1470	1.4740653019047618	0.93968254
1471	1.0	1.43349049	1471	1.4751169804761903	0.93968254
1472	1.0	1.64664066	1472	1.4647832504761904	0.9523809528571429
1473	1.0	2.0	1473	1.431457400952381	0.9523809528571429
1474	1.0	2.0	1474	1.3765781742857144	0.9523809528571429
1475	1.0	0.94701842	1475	1.36471996	0.9523809528571429
1476	1.0	0.71330733	1476	1.3229294733333334	0.9523809528571429
1477	1.0	1.64664066	1477	1.3061028380952382	0.9523809528571429
1478	0.66666667	1.07807191	1478	1.3226020523809523	0.9523809528571429
1479	0.66666667	1.53100441	1479	1.287247960952381	0.9396825400000001
1480	0.66666667	1.07807191	1480	1.2590730666666667	0.9365079366666668
1481	1.0	1.30015716	1481	1.2527238604761906	0.9365079366666665
1482	1.0	0.43440377	1482	1.2628738685714285	0.9365079366666665
1483	1.0	1.30015716	1483	1.21421101	0.9365079366666665
1484	1.0	0.4941769	1484	1.166744741904762	0.9365079366666665
1485	1.0	1.02904941	1485	1.1061301895238096	0.9365079366666665
1486	1.0	0.76904044	1486	1.1394455342857144	0.9365079366666665
1487	1.0	1.64664066	1487	1.1608765785714286	0.9365079366666665
1488	1.0	1.64664066	1488	1.1507265704761904	0.9365079366666665
1489	0.73333333	0.90420474	1489	1.1946279080952382	0.9523809523809523
1490	0.93333333	1.40832722	1490	1.1825835033333334	0.968253968095238
1491	1.0	1.30015716	1491	1.2096582057142857	0.9841269838095238
1492	1.0	1.64664066	1492	1.216007411904762	0.9841269838095238
1493	1.0	0.62472063	1493	1.257233763809524	0.9841269838095238
1494	1.0	1.00320837	1494	1.257233763809524	0.9841269838095238
1495	1.0	0.7270944	1495	1.285816422857143	0.9841269838095238
1496	1.0	1.64664066	1496	1.2819101852380954	0.9841269838095238
1497	1.0	1.16335926	1497	1.323700671904762	0.9841269838095238
1498	1.0	1.43349049	1498	1.2819101852380954	0.9841269838095238
1499	1.0	2.0	1499	1.2654109709523809	0.9841269838095238
1500	1.0	1.27807191	1500	1.2709312804761905	0.9873015871428572
1501	1.0	1.64664066	1501	1.2604738833333333	0.980952380952381
1502	1.0	1.43349049	1502	1.293799732857143	0.9428571428571428
1503	1.0	1.30015716	1503	1.27624884	0.9428571428571428
1504	1.0	1.30015716	1504	1.2915963538095239	0.9428571428571428
1505	1.0	1.09441274	1505	1.2542084761904762	0.9428571428571428
1506	1.0	0.94701842	1506	1.2646810485714286	0.9428571428571428
1507	1.0	1.64664066	1507	1.2416676485714286	0.9428571428571428
1508	1.0	0.76904044	1508	1.2481818342857143	0.9428571428571428
1509	1.0	1.30015716	1509	1.2583318423809524	0.9428571428571428
1510	0.8	1.02013124	1510	1.231355199047619	0.9428571428571428
1511	0.8	1.18872188	1511	1.2226095242857142	0.9428571428571428
1512	0.2	2.0	1512	1.1788216071428572	0.9428571428571428
1513	1.0	1.27807191	1513	1.1506107014285714	0.9428571428571428
1514	1.0	0.94701842	1514	1.183936550952381	0.9396825395238095
1515	1.0	0.21806294	1515	1.1975568361904763	0.93015873
1516	1.0	0.94701842	1516	1.2125051447619049	0.9269841266666667
1517	1.0	1.16335926	1517	1.2449693947619047	0.9238095233333334
1518	1.0	1.30015716	1518	1.2261010176190477	0.92063492
1519	1.0	1.64664066	1519	1.2378025138095237	0.9174603166666667
1520	1.0	1.43349049	1520	1.2004697104761906	0.9142857133333334
1521	1.0	1.09441274	1521	1.1854236328571428	0.9206349195238095
1522	1.0	0.7270944	1522	1.2063781942857144	0.9269841257142857
1523	1.0	0.84106147	1523	1.1706831819047618	0.9619047604761904
1524	0.93333333	2.0	1524	1.1281878128571428	0.9555555542857141
1525	0.8	1.58618315	1525	1.1325566214285714	0.949206348095238
1526	0.93333333	1.40832722	1526	1.1304467071428572	0.9428571419047619
1527	0.93333333	1.62876767	1527	1.1510942971428573	0.9365079357142857
1528	0.93333333	1.25040474	1528	1.1723036866666667	0.9301587295238095
1529	0.93333333	1.01477186	1529	1.2056295361904763	0.9238095233333332
1530	0.93333333	0.51616829	1530	1.176220429047619	0.9238095233333332
1531	0.93333333	0.70416361	1531	1.176220429047619	0.9238095233333332
1532	0.93333333	1.62876767	1532	1.1604559776190477	0.9238095233333332
1533	0.93333333	1.25040474	1533	1.1466511666666666	0.9238095233333332
1534	0.86666667	0.38566916	1534	1.1516967357142858	0.9238095233333332
1535	0.86666667	1.0387634	1535	1.0910821833333333	0.9269841266666665
1536	0.86666667	0.17375474	1536	1.0441410223809524	0.936507936190476
1537	0.86666667	1.38061781	1537	1.053685270952381	0.9333333333333332
1538	0.86666667	1.60875644	1538	1.034251103809524	0.9301587304761905
1539	0.86666667	2.0	1539	1.0082443161904762	0.9269841276190476
1540	1.0	1.02904941	1540	1.0081872404761905	0.9111111119047618
1541	1.0	1.43349049	1541	1.0478924447619047	0.9047619057142856
1542	1.0	0.76335926	1542	1.04832786	0.9079365090476189
1543	1.0	0.43719337	1543	1.0491789547619048	0.9111111123809523
1544	1.0	0.94701842	1544	1.0680473319047619	0.9142857157142856
1545	1.0	0.7270944	1545	1.1050801938095238	0.9206349219047619
1546	1.0	0.60041877	1546	1.1508533652380952	0.9238095247619048
1547	0.86666667	1.60875644	1547	1.2201396952380952	0.9269841276190476
1548	0.86666667	1.22065016	1548	1.2125221880952382	0.9269841276190476
1549	0.86666667	0.7042622	1549	1.1721575357142857	0.9269841276190476
1550	0.6	1.01357327	1550	1.1131622376190475	0.9269841276190476
1551	0.8	1.34997758	1551	1.0976914852380955	0.9238095242857143
1552	1.0	0.71330733	1552	1.0815449257142857	0.9238095242857143
1553	1.0	1.64664066	1553	1.0941968376190476	0.9238095242857143
1554	1.0	1.64664066	1554	1.1094759138095238	0.9238095242857143
1555	1.0	1.16335926	1555	1.1262920442857143	0.9238095242857143
1556	0.93333333	2.0	1556	1.1535807471428572	0.9238095242857143
1557	0.93333333	1.62876767	1557	1.2202274723809525	0.9238095242857143
1558	0.86666667	1.22065016	1558	1.2055322685714285	0.9301587304761905
1559	0.86666667	0.76109874	1559	1.2082666376190476	0.9365079366666665
1560	0.86666667	0.76109874	1560	1.2699684376190477	0.9428571428571427
1561	0.93333333	0.70416361	1561	1.277101103809524	0.961904761904762
1562	1.0	1.09441274	1562	1.2474399999999999	0.9714285714285713
1563	1.0	1.02904941	1563	1.2655878766666666	0.9714285714285713
1564	1.0	0.75805397	1564	1.1916697947619046	0.949206349047619
1565	1.0	1.30015716	1565	1.1579593766666665	0.9269841266666667
1566	1.0	1.30015716	1566	1.197799411904762	0.8952380947619047
1567	1.0	2.0	1567	1.1791687661904762	0.892063491904762
1568	1.0	1.30015716	1568	1.1095166285714286	0.8888888890476191
1569	1.0	1.27807191	1569	1.1008553542857142	0.888888889047619
1570	1.0	2.0	1570	1.0849267261904763	0.888888889047619
1571	1.0	1.16335926	1571	1.1144276342857142	0.8888888890476191
1572	1.0	0.7270944	1572	1.113547439047619	0.8857142861904763
1573	1.0	1.09441274	1573	1.1566706419047619	0.8761904766666668
1574	0.53333333	0.09436094	1574	1.1832008200000002	0.866666667142857
1575	0.53333333	0.93872188	1575	1.2034511504761904	0.8571428576190475
1576	0.33333333	2.0	1576	1.1978870433333333	0.8476190480952381
1577	0.86666667	1.60875644	1577	1.1562889666666667	0.8412698419047618
1578	0.86666667	0.16607278	1578	1.119468569047619	0.8349206357142857
1579	0.86666667	1.0387634	1579	1.115974020952381	0.8285714295238094
1580	0.86666667	0.42659755	1580	1.1055760271428572	0.8253968261904762
1581	0.86666667	1.38061781	1581	1.0878982971428572	0.8222222228571427
1582	0.86666667	0.68567951	1582	1.0927607171428573	0.8190476195238096
1583	0.8	2.0	1583	1.1533752695238095	0.815873016190476
1584	0.8	1.58618315	1584	1.1964984723809526	0.8126984128571428
1585	0.8	1.18331091	1585	1.2704165542857144	0.8349206352380951
1586	0.8	1.18331091	1586	1.3041269723809523	0.8571428576190475
1587	0.86666667	0.42659755	1587	1.2771503290476192	0.8888888895238095
1588	0.86666667	1.22677165	1588	1.2614034466666668	0.8952380957142856
1589	0.86666667	1.22677165	1589	1.3036679361904764	0.8984126985714285
1590	0.93333333	1.05971404	1590	1.3137460952380953	0.9015873014285715
1591	0.93333333	1.62876767	1591	1.3536924061904763	0.9047619042857142
1592	0.93333333	1.26547008	1592	1.3550119019047617	0.9079365071428571
1593	0.93333333	2.0	1593	1.3699795442857141	0.9111111099999999
1594	0.93333333	2.0	1594	1.335001929047619	0.9174603161904761
1595	1.0	1.64664066	1595	1.272450509047619	0.9238095223809524
1596	1.0	1.64664066	1596	1.2756454533333335	0.9301587285714286
1597	1.0	1.43349049	1597	1.297708774761905	0.939682538095238
1598	1.0	1.27807191	1598	1.372632700952381	0.9460317442857141
1599	0.93333333	1.05362706	1599	1.4094530985714286	0.9523809504761903
1600	0.93333333	1.25040474	1600	1.3986544485714287	0.9174603152380953
1601	0.93333333	1.26547008	1601	1.374069743809524	0.9206349185714287
1602	0.93333333	1.40832722	1602	1.3584216242857141	0.9238095219047621
1603	0.93333333	1.0	1603	1.3502760366666666	0.9269841252380954
1604	0.93333333	1.26547008	1604	1.3232993933333332	0.9301587285714287
1605	0.93333333	0.27260333	1605	1.2801761904761906	0.933333331904762
1606	0.93333333	1.25040474	1606	1.2636769761904763	0.933333331904762
1607	1.0	1.64664066	1607	1.2805036114285715	0.933333331904762
1608	1.0	2.0	1608	1.264357051904762	0.933333331904762
1609	1.0	2.0	1609	1.2819079447619048	0.933333331904762
1610	0.13333333	1.0	1610	1.3101466876190475	0.9365079352380954
1611	1.0	0.54343524	1611	1.3027184971428571	0.9396825385714287
1612	1.0	1.30015716	1612	1.2825085633333333	0.942857141904762
1613	1.0	1.09441274	1613	1.3106834576190476	0.9460317452380954
1614	1.0	1.43349049	1614	1.3583025052380953	0.9492063485714287
1615	1.0	1.09441274	1615	1.3346629985714287	0.952380951904762
1616	1.0	1.30015716	1616	1.37319161	0.9555555552380953
1617	1.0	2.0	1617	1.4088866223809522	0.9587301585714287
1618	1.0	1.09441274	1618	1.4088866223809524	0.9587301585714287
1619	1.0	1.64664066	1619	1.4088866223809524	0.9587301585714287
1620	1.0	1.64664066	1620	1.3920599871428572	0.9587301585714287
1621	1.0	1.09441274	1621	1.4228523995238096	1.0
1622	1.0	0.84106147	1622	1.4922126261904762	1.0
1623	1.0	2.0	1623	1.525538475714286	1.0
1624	1.0	2.0	1624	1.5518350433333334	1.0
1625	1.0	0.76904044	1625	1.5788116866666666	1.0
1626	1.0	1.08170417	1626	1.5886090400000001	1.0
1627	1.0	2.0	1627	1.6219348895238097	1.0
1628	1.0	1.64664066	1628	1.6042571595238095	0.9968253966666667
1629	1.0	2.0	1629	1.61168535	0.9936507933333333
1630	1.0	1.64664066	1630	1.6285119852380954	0.9936507933333333
1631	1.0	1.64664066	1631	1.6285119852380954	0.9936507933333333
1632	1.0	2.0	1632	1.671635188095238	0.9936507933333333
1633	1.0	2.0	1633	1.6998460938095237	0.9936507933333333
1634	1.0	1.64664066	1634	1.6998460938095237	0.9936507933333333
1635	1.0	2.0	1635	1.6830194585714284	0.9936507933333333
1636	1.0	1.30015716	1636	1.7416365804761906	0.9936507933333333
1637	1.0	2.0	1637	1.768538318095238	0.9936507933333333
1638	0.93333333	1.62876767	1638	1.768538318095238	0.9936507933333333
1639	0.93333333	1.25040474	1639	1.7853649533333336	0.9936507933333333
1640	1.0	2.0	1640	1.7352229733333335	0.9936507933333333
1641	1.0	1.64664066	1641	1.7352229733333333	0.9936507933333333
1642	1.0	2.0	1642	1.7520496085714283	0.9936507933333333
1643	1.0	1.43349049	1643	1.7352229733333333	0.9936507933333333
1644	1.0	2.0	1644	1.7018971238095237	0.9936507933333333
1645	1.0	1.64664066	1645	1.718723759047619	0.9936507933333333
1646	1.0	2.0	1646	1.701897123809524	0.9936507933333333
1647	1.0	1.64664066	1647	1.7352229733333333	0.9936507933333333
1648	1.0	2.0	1648	1.7352229733333333	0.9936507933333333
1649	1.0	2.0	1649	1.7529007033333335	0.9968253966666667
1650	1.0	0.94701842	1650	1.7717690804761907	1.0
1651	1.0	1.64664066	1651	1.7549424452380953	1.0
1652	1.0	2.0	1652	1.7549424452380953	1.0
1653	1.0	1.64664066	1653	1.7381158099999998	1.0
1654	1.0	1.30015716	1654	1.7650924533333334	1.0
1655	1.0	2.0	1655	1.7381158100000003	1.0
1656	1.0	1.64664066	1656	1.7549424452380953	1.0
1657	1.0	2.0	1657	1.7549424452380953	1.0
1658	1.0	2.0	1658	1.7717690804761905	1.0
1659	1.0	2.0	1659	1.754942445238095	1.0
1660	1.0	1.64664066	1660	1.754942445238095	1.0
1661	1.0	1.64664066	1661	1.7882577899999998	1.0
1662	1.0	1.64664066	1662	1.8050844252380953	1.0
1663	1.0	1.64664066	1663	1.7882577900000003	1.0
1664	1.0	2.0	1664	1.7882577899999998	1.0
1665	1.0	1.43349049	1665	1.8047570042857144	1.0
1666	1.0	2.0	1666	1.8047570042857144	1.0
1667	1.0	2.0	1667	1.8047570042857144	1.0
1668	1.0	2.0	1668	1.8047570042857144	1.0
1669	1.0	1.64664066	1669	1.8047570042857144	1.0
1670	1.0	2.0	1670	1.8047570042857144	1.0
1671	1.0	1.64664066	1671	1.8215836395238099	1.0
1672	1.0	2.0	1672	1.8384102747619049	1.0
1673	1.0	1.64664066	1673	1.8219110604761906	1.0
1674	1.0	1.64664066	1674	1.8387376957142858	1.0
1675	1.0	1.64664066	1675	1.8219110604761906	1.0
1676	1.0	2.0	1676	1.848887703809524	1.0
1677	1.0	1.64664066	1677	1.848887703809524	1.0
1678	1.0	2.0	1678	1.8320610685714285	1.0
1679	1.0	2.0	1679	1.8320610685714285	1.0
1680	1.0	2.0	1680	1.832061068571429	1.0
1681	1.0	2.0	1681	1.832061068571429	1.0
1682	1.0	2.0	1682	1.848887703809524	1.0
1683	1.0	1.30015716	1683	1.8320610685714285	1.0
1684	1.0	2.0	1684	1.8488877038095235	1.0
1685	1.0	1.64664066	1685	1.848887703809524	1.0
1686	1.0	2.0	1686	1.865714339047619	1.0
1687	1.0	2.0	1687	1.865714339047619	1.0
1688	1.0	1.64664066	1688	1.8825409742857142	1.0
1689	1.0	2.0	1689	1.865714339047619	1.0
1690	1.0	1.64664066	1690	1.865714339047619	1.0
1691	1.0	2.0	1691	1.865714339047619	1.0
1692	1.0	2.0	1692	1.8050997866666667	1.0
1693	1.0	1.64664066	1693	1.7525613385714285	1.0
1694	1.0	2.0	1694	1.7858871880952383	1.0
1695	1.0	1.64664066	1695	1.7858871880952383	1.0
1696	1.0	2.0	1696	1.8027138233333333	1.0
1697	1.0	2.0	1697	1.8027138233333333	1.0
1698	1.0	2.0	1698	1.7858871880952378	1.0
1699	1.0	1.64664066	1699	1.7858871880952383	1.0
1700	1.0	2.0	1700	1.769060552857143	1.0
1701	1.0	2.0	1701	1.7858871880952383	1.0
1702	1.0	0.7270944	1702	1.7858871880952383	1.0
1703	1.0	0.89669259	1703	1.7427639852380952	1.0
1704	1.0	2.0	1704	1.7427639852380954	1.0
1705	1.0	2.0	1705	1.72593735	1.0
1706	1.0	2.0	1706	1.6990356123809522	1.0
1707	1.0	2.0	1707	1.6990356123809522	1.0
1708	1.0	1.64664066	1708	1.6822089771428572	1.0
1709	1.0	1.64664066	1709	1.6552323338095238	1.0
1710	1.0	1.64664066	1710	1.6720589690476189	0.9587301585714285
1711	1.0	2.0	1711	1.6244399214285712	0.917460317142857
1712	1.0	2.0	1712	1.597463278095238	0.917460317142857
1713	1.0	1.09441274	1713	1.641251195238095	0.917460317142857
1714	1.0	1.64664066	1714	1.676963008095238	0.917460317142857
1715	1.0	1.64664066	1715	1.660136372857143	0.917460317142857
1716	1.0	1.08170417	1716	1.6433097376190475	0.917460317142857
1717	1.0	2.0	1717	1.6089322095238094	0.917460317142857
1718	1.0	1.64664066	1718	1.5819555661904763	0.917460317142857
1719	1.0	1.43349049	1719	1.5654563519047617	0.917460317142857
1720	0.13333333	2.0	1720	1.5822829871428572	0.917460317142857
1721	0.13333333	1.0	1721	1.5822829871428572	0.917460317142857
1722	1.0	1.43349049	1722	1.5391597842857145	0.917460317142857
1723	1.0	1.64664066	1723	1.522333149047619	0.917460317142857
1724	1.0	1.64664066	1724	1.5486297166666667	0.917460317142857
1725	1.0	1.64664066	1725	1.5654563519047617	0.917460317142857
1726	1.0	1.64664066	1726	1.5236658652380952	0.917460317142857
1727	1.0	1.27807191	1727	1.5340683885714284	0.917460317142857
1728	1.0	1.43349049	1728	1.5340683885714284	0.917460317142857
1729	1.0	1.30015716	1729	1.507771820952381	0.917460317142857
1730	1.0	2.0	1730	1.5347484642857143	0.917460317142857
1731	1.0	1.64664066	1731	1.5179218290476189	0.9587301585714285
1732	1.0	1.09441274	1732	1.5655408766666667	1.0
1733	1.0	1.64664066	1733	1.5756908847619049	1.0
1734	1.0	1.64664066	1734	1.5756908847619049	1.0
1735	1.0	2.0	1735	1.59251752	1.0
1736	1.0	0.76904044	1736	1.6093441552380954	1.0
1737	1.0	1.30015716	1737	1.6261707904761904	1.0
1738	1.0	2.0	1738	1.6605483185714285	1.0
1739	1.0	1.09441274	1739	1.6706983266666668	1.0
1740	1.0	2.0	1740	1.687197540952381	1.0
1741	1.0	1.64664066	1741	1.6473575057142857	1.0
1742	1.0	2.0	1742	1.6372074976190478	1.0
1743	1.0	1.64664066	1743	1.663504065238095	1.0
1744	1.0	1.64664066	1744	1.614674343809524	0.9746031747619047
1745	1.0	2.0	1745	1.6315009790476191	0.9746031747619047
1746	1.0	2.0	1746	1.5708864266666667	0.9746031747619047
1747	1.0	2.0	1747	1.5708864266666667	0.9746031747619047
1748	1.0	2.0	1748	1.5873856409523808	0.9746031747619047
1749	1.0	1.64664066	1749	1.5705590057142857	0.9746031747619047
1750	1.0	1.64664066	1750	1.5530676561904764	0.9746031747619047
1751	1.0	1.16335926	1751	1.518690128095238	0.9746031747619047
1752	1.0	1.43349049	1752	1.4803292142857143	0.9746031747619047
1753	1.0	1.64664066	1753	1.4635025790476193	0.9746031747619047
1754	0.46666667	0.62121651	1754	1.4251416652380953	0.9746031747619047
1755	1.0	2.0	1755	1.4075907723809524	0.9746031747619047
1756	1.0	0.7270944	1756	1.380614129047619	0.9746031747619047
1757	1.0	0.76904044	1757	1.3637874938095238	0.9746031747619047
1758	1.0	1.64664066	1758	1.3368108504761904	0.9746031747619047
1759	1.0	1.64664066	1759	1.3199842152380952	0.9746031747619047
1760	1.0	0.7270944	1760	1.3368108504761906	0.9746031747619047
1761	1.0	1.27807191	1761	1.3368108504761906	0.9746031747619047
1762	1.0	0.84106147	1762	1.3175105985714286	0.9746031747619047
1763	1.0	1.64664066	1763	1.344487241904762	0.9746031747619047
1764	1.0	0.84106147	1764	1.3613138771428572	0.9746031747619047
1765	1.0	1.27807191	1765	1.4101435985714286	1.0
1766	1.0	1.43349049	1766	1.3831669552380954	1.0
1767	1.0	1.64664066	1767	1.3800544157142858	1.0
1768	1.0	1.43349049	1768	1.3949431647619046	0.961904761904762
1769	1.0	1.64664066	1769	1.3680414271428571	0.9238095238095239
1770	1.0	2.0	1770	1.3411396895238095	0.8857142857142858
1771	1.0	1.64664066	1771	1.3631219504761904	0.850793650952381
1772	1.0	0.75805397	1772	1.3625218633333334	0.8476190476190476
1773	1.0	2.0	1773	1.3827317971428572	0.8444444442857143
1774	1.0	2.0	1774	1.3474196552380953	0.841269840952381
1775	1.0	1.64664066	1775	1.367629589047619	0.8380952376190477
1776	1.0	1.43349049	1776	1.3843293871428572	0.8349206342857143
1777	1.0	0.66173107	1777	1.3831311361904763	0.831746030952381
1778	0.2	1.08170417	1778	1.3480896723809526	0.8285714276190477
1779	0.2	1.08170417	1779	1.3302907938095239	0.8253968242857143
1780	0.2	1.08170417	1780	1.2790472719047619	0.8253968242857143
1781	0.26666667	1.18872188	1781	1.2622206366666666	0.8253968242857143
1782	0.93333333	1.26547008	1782	1.2622206366666666	0.8253968242857143
1783	0.93333333	1.26547008	1783	1.262743801904762	0.8253968242857143
1784	0.93333333	0.90508568	1784	1.1945742647619049	0.822222220952381
1785	0.93333333	1.26547008	1785	1.1777476295238096	0.822222220952381
1786	0.93333333	1.62876767	1786	1.1945742647619049	0.822222220952381
1787	0.93333333	1.40832722	1787	1.204724272857143	0.822222220952381
1788	0.93333333	0.91076992	1788	1.2351255152380953	0.822222220952381
1789	0.93333333	1.05971404	1789	1.2788538880952383	0.8603174590476189
1790	1.0	0.5705267	1790	1.2814812814285714	0.8952380938095237
1791	1.0	1.64664066	1791	1.2777433861904763	0.9333333319047619
1792	1.0	1.64664066	1792	1.2893990342857145	0.9682539666666666
1793	1.0	0.76904044	1793	1.3075500142857144	0.9714285699999999
1794	0.93333333	0.56843972	1794	1.2987992566666666	0.9746031733333334
1795	1.0	1.64664066	1795	1.3341113985714286	0.9777777766666667
1796	1.0	2.0	1796	1.3347114857142857	0.98095238
1797	1.0	1.64664066	1797	1.3190633661904763	0.9841269833333334
1798	1.0	1.30015716	1798	1.2771619623809525	0.9873015866666667
1799	1.0	2.0	1799	1.3290300614285715	0.99047619
1800	0.93333333	1.13687943	1800	1.3339655480952382	0.9936507933333333
1801	1.0	1.00320837	1801	1.4020357052380952	0.9936507933333333
1802	1.0	1.43349049	1802	1.3458664090476191	0.9936507933333333
1803	1.0	1.64664066	1803	1.2822415076190476	0.9936507933333333
1804	1.0	1.08170417	1804	1.3126837352380951	0.99047619
1805	1.0	1.64664066	1805	1.3475274228571428	0.9936507933333333
1806	1.0	1.27807191	1806	1.32997653	0.9936507933333333
1807	1.0	1.30015716	1807	1.2837407876190476	0.9936507933333333
1808	1.0	0.52839774	1808	1.25744422	0.9936507933333333
1809	1.0	2.0	1809	1.273943434285714	0.9936507933333333
1810	1.0	1.16335926	1810	1.2084539404761905	0.9936507933333333
1811	1.0	2.0	1811	1.24955492	0.9968253966666667
1812	1.0	0.46708544	1812	1.2700445447619049	0.9968253966666667
1813	1.0	0.31051773	1813	1.2801945528571428	0.9968253966666667
1814	0.93333333	1.40832722	1814	1.297021188095238	0.9968253966666667
1815	1.0	1.30015716	1815	1.3137729176190478	0.9968253966666667
1816	1.0	1.27807191	1816	1.3137729176190476	0.9968253966666667
1817	1.0	1.02904941	1817	1.3148245961904763	0.9968253966666667
1818	1.0	1.09441274	1818	1.2875358933333334	0.9968253966666667
1819	1.0	1.64664066	1819	1.324286341904762	0.9968253966666667
1820	1.0	0.62472063	1820	1.2438348052380952	0.9968253966666667
1821	1.0	2.0	1821	1.2405516376190477	0.9968253966666667
1822	1.0	1.43349049	1822	1.2135749942857141	0.9968253966666667
1823	1.0	1.64664066	1823	1.2275756276190475	0.9904761904761905
1824	1.0	2.0	1824	1.247412611904762	0.9904761904761905
1825	1.0	1.43349049	1825	1.2318591333333333	0.9936507938095238
1826	1.0	1.64664066	1826	1.22145661	0.9936507938095238
1827	1.0	1.30015716	1827	1.2214566100000002	0.9936507938095238
1828	1.0	0.7270944	1828	1.240715709047619	0.9936507938095238
1829	1.0	1.30015716	1829	1.240715709047619	0.9936507938095238
1830	1.0	0.31051773	1830	1.2144191414285714	0.9936507938095238
1831	1.0	1.09441274	1831	1.252931991904762	0.9936507938095238
1832	1.0	1.43349049	1832	1.252931991904762	0.9936507938095238
1833	0.86666667	0.76109874	1833	1.246582785714286	0.9936507938095238
1834	1.0	0.7270944	1834	1.263409420952381	0.9936507938095238
1835	1.0	1.08170417	1835	1.2300835714285714	0.9936507938095238
1836	1.0	1.08170417	1836	1.2300835714285714	0.9936507938095238
1837	1.0	1.27807191	1837	1.2469102066666666	0.9936507938095238
1838	1.0	1.43349049	1838	1.2802360561904762	0.9936507938095238
1839	1.0	1.09441274	1839	1.299749629047619	0.9904761904761905
1840	1.0	1.09441274	1840	1.2966847876190475	0.9714285714285715
1841	1.0	1.43349049	1841	1.3295172766666667	0.93015873
1842	1.0	2.0	1842	1.325021431904762	0.8888888885714286
1843	1.0	1.30015716	1843	1.3519980752380953	0.8476190471428572
1844	1.0	2.0	1844	1.339564801904762	0.8190476185714285
1845	1.0	1.30015716	1845	1.3532637285714286	0.8158730152380952
1846	1.0	1.43349049	1846	1.3793143714285716	0.8126984119047618
1847	1.0	2.0	1847	1.406216109047619	0.8126984119047618
1848	1.0	2.0	1848	1.4405936371428572	0.8126984119047618
1849	0.93333333	1.13687943	1849	1.4675702804761905	0.8126984119047618
1850	0.6	1.23579549	1850	1.4938668480952382	0.8126984119047618
1851	0.13333333	1.0	1851	1.5201634157142858	0.8126984119047618
1852	0.13333333	1.0	1852	1.547140059047619	0.8126984119047618
1853	0.13333333	2.0	1853	1.547140059047619	0.8126984119047618
1854	0.26666667	0.5	1854	1.5804659085714288	0.8126984119047618
1855	0.93333333	1.01477186	1855	1.5636392733333333	0.8126984119047618
1856	0.93333333	1.62876767	1856	1.5801384876190478	0.8126984119047618
1857	1.0	1.64664066	1857	1.5801384876190478	0.8126984119047618
1858	1.0	2.0	1858	1.5633118523809524	0.8126984119047618
1859	1.0	2.0	1859	1.5464852171428571	0.8126984119047618
1860	1.0	1.64664066	1860	1.544462993809524	0.8158730152380952
1861	1.0	1.64664066	1861	1.5808536847619048	0.8349206342857142
1862	1.0	2.0	1862	1.5529983276190475	0.8380952376190477
1863	1.0	2.0	1863	1.6006173752380952	0.8793650790476191
1864	1.0	2.0	1864	1.573640731904762	0.9206349204761906
1865	1.0	1.64664066	1865	1.628242668095238	0.9555555552380953
1866	1.0	1.64664066	1866	1.6751582938095235	0.9587301585714287
1867	1.0	1.43349049	1867	1.692836023809524	0.961904761904762
1868	1.0	1.64664066	1868	1.709662659047619	0.961904761904762
1869	1.0	1.64664066	1869	1.6665394561904763	0.961904761904762
1870	1.0	1.09441274	1870	1.6497128209523808	0.961904761904762
1871	1.0	2.0	1871	1.6665394561904763	0.961904761904762
1872	0.2	0.4150375	1872	1.6833660914285713	0.961904761904762
1873	1.0	2.0	1873	1.6665394561904763	0.961904761904762
1874	1.0	1.43349049	1874	1.6665394561904763	0.961904761904762
1875	1.0	1.64664066	1875	1.6497128209523813	0.961904761904762
1876	1.0	2.0	1876	1.6395628128571427	0.961904761904762
1877	1.0	2.0	1877	1.6563894480952381	0.961904761904762
1878	1.0	2.0	1878	1.6665394561904763	0.961904761904762
1879	1.0	1.09441274	1879	1.6665394561904763	0.961904761904762
1880	1.0	1.64664066	1880	1.6665394561904763	0.961904761904762
1881	1.0	2.0	1881	1.692836023809524	0.961904761904762
1882	1.0	2.0	1882	1.692836023809524	0.961904761904762
1883	1.0	1.64664066	1883	1.7683104285714288	1.0
1884	1.0	2.0	1884	1.7514837933333334	1.0
1885	1.0	1.64664066	1885	1.7616338014285713	1.0
1886	1.0	1.43349049	1886	1.7616338014285717	1.0
1887	1.0	2.0	1887	1.7185105985714286	1.0
1888	1.0	1.64664066	1888	1.685184749047619	1.0
1889	1.0	1.64664066	1889	1.6683581138095238	1.0
1890	1.0	1.64664066	1890	1.7114813166666667	1.0
1891	1.0	1.64664066	1891	1.7283079519047622	1.0
1892	1.0	2.0	1892	1.7283079519047622	1.0
1893	1.0	2.0	1893	1.7283079519047622	1.0
1894	1.0	1.64664066	1894	1.7451345871428572	1.0
1895	1.0	1.64664066	1895	1.7451345871428572	1.0
1896	1.0	1.64664066	1896	1.7451345871428572	1.0
1897	1.0	1.09441274	1897	1.7552845952380953	1.0
1898	1.0	1.30015716	1898	1.7552845952380953	1.0
1899	1.0	1.64664066	1899	1.7721112304761903	1.0
1900	1.0	2.0	1900	1.7721112304761906	1.0
1901	1.0	2.0	1901	1.7721112304761906	1.0
1902	1.0	2.0	1902	1.7889378657142858	1.0
1903	1.0	2.0	1903	1.7889378657142858	1.0
1904	1.0	2.0	1904	1.7721112304761903	1.0
1905	1.0	2.0	1905	1.7889378657142858	1.0
1906	1.0	1.64664066	1906	1.7889378657142858	1.0
1907	1.0	1.64664066	1907	1.7889378657142854	1.0
1908	1.0	2.0	1908	1.8320610685714285	1.0
1909	1.0	2.0	1909	1.865386918095238	1.0
1910	1.0	1.64664066	1910	1.8822135533333333	1.0
1911	1.0	1.64664066	1911	1.8822135533333333	1.0
1912	1.0	2.0	1912	1.8822135533333333	1.0
1913	1.0	2.0	1913	1.8822135533333333	1.0
1914	1.0	1.64664066	1914	1.8822135533333333	1.0
1915	1.0	2.0	1915	1.8822135533333333	1.0
1916	1.0	1.64664066	1916	1.865386918095238	1.0
1917	1.0	1.64664066	1917	1.8822135533333333	1.0
1918	1.0	2.0	1918	1.8990401885714288	1.0
1919	1.0	2.0	1919	1.8990401885714288	1.0
1920	1.0	2.0	1920	1.8822135533333335	1.0
1921	1.0	2.0	1921	1.8990401885714288	1.0
1922	1.0	2.0	1922	1.8876919295238093	0.9968253966666667
1923	1.0	2.0	1923	1.8708652942857142	0.9968253966666667
1924	1.0	2.0	1924	1.8540386590476188	0.9968253966666667
1925	1.0	2.0	1925	1.8708652942857142	0.9968253966666667
1926	1.0	1.64664066	1926	1.8708652942857142	0.9968253966666667
1927	1.0	2.0	1927	1.8876919295238093	0.9968253966666667
1928	1.0	2.0	1928	1.8876919295238097	0.9968253966666667
1929	1.0	2.0	1929	1.8876919295238097	0.9968253966666667
1930	1.0	1.64664066	1930	1.8876919295238097	0.9968253966666667
1931	1.0	2.0	1931	1.8876919295238097	0.9968253966666667
1932	0.93333333	1.40832722	1932	1.8876919295238097	0.9968253966666667
1933	1.0	1.64664066	1933	1.8876919295238097	0.9968253966666667
1934	1.0	1.64664066	1934	1.8708652942857147	0.9968253966666667
1935	1.0	2.0	1935	1.8540386590476192	0.9968253966666667
1936	1.0	2.0	1936	1.8540386590476192	0.9968253966666667
1937	1.0	2.0	1937	1.8540386590476192	0.9968253966666667
1938	1.0	1.64664066	1938	1.8540386590476192	0.9968253966666667
1939	1.0	2.0	1939	1.8540386590476192	0.9968253966666667
1940	1.0	2.0	1940	1.8372120238095238	0.9968253966666667
1941	1.0	2.0	1941	1.8372120238095238	0.9968253966666667
1942	1.0	2.0	1942	1.8372120238095238	0.9968253966666667
1943	1.0	2.0	1943	1.848560282857143	1.0
1944	1.0	1.64664066	1944	1.8485602828571426	1.0
1945	1.0	1.64664066	1945	1.865386918095238	1.0
1946	1.0	2.0	1946	1.848560282857143	1.0
1947	1.0	1.64664066	1947	1.831733647619048	1.0
1948	1.0	2.0	1948	1.831733647619048	1.0
1949	1.0	2.0	1949	1.8317336476190476	1.0
1950	1.0	1.64664066	1950	1.8317336476190476	1.0
1951	1.0	1.64664066	1951	1.8317336476190476	1.0
1952	1.0	2.0	1952	1.8317336476190476	1.0
1953	1.0	1.64664066	1953	1.7984077980952382	1.0
1954	1.0	1.64664066	1954	1.7432202490476192	1.0
1955	1.0	2.0	1955	1.7600468842857144	1.0
1956	1.0	1.64664066	1956	1.7337503166666668	1.0
1957	1.0	1.64664066	1957	1.7337503166666668	1.0
1958	1.0	2.0	1958	1.7337503166666668	1.0
1959	1.0	1.64664066	1959	1.7169236814285715	1.0
1960	1.0	2.0	1960	1.700097046190476	1.0
1961	1.0	2.0	1961	1.7169236814285715	1.0
1962	1.0	2.0	1962	1.7337503166666668	1.0
1963	1.0	1.30015716	1963	1.7169236814285715	1.0
1964	1.0	0.84106147	1964	1.700424467142857	1.0
1965	1.0	2.0	1965	1.7004244671428574	1.0
1966	1.0	1.09441274	1966	1.7004244671428574	1.0
1967	1.0	2.0	1967	1.7172511023809525	1.0
1968	1.0	1.64664066	1968	1.7172511023809522	1.0
1969	1.0	1.64664066	1969	1.7172511023809522	1.0
1970	1.0	1.64664066	1970	1.7071010942857145	1.0
1971	1.0	2.0	1971	1.7071010942857145	1.0
1972	1.0	2.0	1972	1.6633727214285714	1.0
1973	1.0	1.64664066	1973	1.6465460861904764	1.0
1974	1.0	1.30015716	1974	1.6798719357142855	1.0
1975	1.0	1.64664066	1975	1.7350594847619045	1.0
1976	1.0	2.0	1976	1.7350594847619045	1.0
1977	1.0	2.0	1977	1.7781826876190476	1.0
1978	1.0	1.64664066	1978	1.7781826876190476	1.0
1979	1.0	2.0	1979	1.7950093228571429	1.0
1980	1.0	1.43349049	1980	1.795009322857143	1.0
1981	1.0	2.0	1981	1.7950093228571429	1.0
1982	1.0	1.08170417	1982	1.7781826876190476	1.0
1983	1.0	1.64664066	1983	1.7781826876190476	1.0
1984	1.0	2.0	1984	1.7950093228571429	1.0
1985	1.0	2.0	1985	1.8283351723809524	1.0
1986	1.0	2.0	1986	1.8283351723809524	1.0
1987	1.0	2.0	1987	1.8283351723809524	1.0
1988	1.0	2.0	1988	1.7950093228571429	1.0
1989	1.0	2.0	1989	1.8118359580952383	1.0
1990	1.0	1.64664066	1990	1.8118359580952383	1.0
1991	1.0	1.64664066	1991	1.8219859661904763	1.0
1992	1.0	1.64664066	1992	1.8219859661904763	1.0
1993	1.0	2.0	1993	1.8488877038095235	1.0
1994	1.0	2.0	1994	1.865714339047619	1.0
1995	1.0	2.0	1995	1.865714339047619	1.0
1996	1.0	1.64664066	1996	1.865714339047619	1.0
1997	1.0	2.0	1997	1.815572359047619	1.0
1998	1.0	1.30015716	1998	1.815572359047619	1.0
1999	1.0	2.0	1999	1.815572359047619	1.0
2000	1.0	2.0	2000	1.815572359047619	1.0
2001	1.0	1.64664066	2001	1.815572359047619	1.0
2002	1.0	2.0	2002	1.8155723590476194	1.0
2003	1.0	1.64664066	2003	1.815572359047619	1.0
2004	1.0	2.0	2004	1.815572359047619	1.0
2005	1.0	2.0	2005	1.798745723809524	1.0
2006	1.0	2.0	2006	1.7717690804761905	1.0
2007	1.0	0.94701842	2007	1.7591013257142858	0.9936507938095237
2008	1.0	2.0	2008	1.74047068	0.9873015876190475
2009	1.0	2.0	2009	1.7569698942857142	0.9873015876190475
2010	1.0	2.0	2010	1.7569698942857142	0.9873015876190475
2011	1.0	1.64664066	2011	1.729993250952381	0.9873015876190475
2012	1.0	1.64664066	2012	1.7468198861904762	0.9873015876190475
2013	1.0	1.64664066	2013	1.7134940366666664	0.9873015876190475
2014	1.0	2.0	2014	1.7134940366666669	0.9873015876190475
2015	1.0	1.64664066	2015	1.7134940366666669	0.9873015876190475
2016	1.0	1.43349049	2016	1.6966674014285714	0.9873015876190475
2017	0.86666667	1.38061781	2017	1.6966674014285714	0.9873015876190475
2018	0.86666667	1.60875644	2018	1.7299827461904764	0.9873015876190475
2019	1.0	1.64664066	2019	1.7299827461904764	0.9873015876190475
2020	1.0	2.0	2020	1.713156110952381	0.9873015876190475
2021	1.0	1.43349049	2021	1.6963294757142857	0.9873015876190475
2022	1.0	2.0	2022	1.713156110952381	0.9873015876190475
2023	1.0	1.30015716	2023	1.713156110952381	0.9873015876190475
2024	1.0	1.64664066	2024	1.7299827461904764	0.9873015876190475
2025	1.0	2.0	2025	1.7299827461904764	0.9873015876190475
2026	1.0	1.64664066	2026	1.7468093814285715	0.9873015876190475
2027	1.0	2.0	2027	1.7569593895238096	0.9873015876190475
2028	1.0	1.64664066	2028	1.75312793	0.9936507938095238
2029	1.0	2.0	2029	1.7717585757142857	1.0
2030	1.0	1.64664066	2030	1.7885852109523812	1.0
2031	1.0	1.64664066	2031	1.7885852109523812	1.0
2032	1.0	2.0	2032	1.798735219047619	1.0
2033	1.0	1.64664066	2033	1.798735219047619	1.0
2034	1.0	2.0	2034	1.8152344333333335	1.0
2035	1.0	2.0	2035	1.8152344333333335	1.0
2036	1.0	2.0	2036	1.798407798095238	1.0
2037	1.0	1.64664066	2037	1.7984077980952382	1.0
2038	1.0	1.30015716	2038	1.7815811628571427	1.0
2039	1.0	2.0	2039	1.7815811628571427	1.0
2040	1.0	2.0	2040	1.7815811628571427	1.0
2041	1.0	2.0	2041	1.7815811628571427	1.0
2042	1.0	1.64664066	2042	1.7984077980952382	1.0
2043	1.0	2.0	2043	1.7984077980952382	1.0
2044	1.0	1.64664066	2044	1.798407798095238	1.0
2045	1.0	1.64664066	2045	1.7714311547619048	1.0
2046	1.0	1.64664066	2046	1.7546045195238094	1.0
2047	1.0	1.64664066	2047	1.7546045195238094	1.0
2048	1.0	1.64664066	2048	1.7546045195238098	1.0
2049	1.0	1.64664066	2049	1.771103733809524	1.0
2050	1.0	2.0	2050	1.7542770985714284	1.0
2051	1.0	1.64664066	2051	1.7374504633333334	1.0
2052	1.0	2.0	2052	1.7374504633333334	1.0
2053	1.0	2.0	2053	1.7542770985714289	1.0
2054	1.0	1.64664066	2054	1.7542770985714289	1.0
2055	1.0	1.43349049	2055	1.771103733809524	1.0
2056	1.0	1.64664066	2056	1.7597554747619046	0.9968253966666667
2057	1.0	2.0	2057	1.7597554747619049	0.9968253966666667
2058	1.0	1.64664066	2058	1.77658211	0.9968253966666667
2059	1.0	1.64664066	2059	1.7765821100000003	0.9968253966666667
2060	1.0	1.64664066	2060	1.7934087452380953	0.9968253966666667
2061	1.0	1.64664066	2061	1.745789697619048	0.9555555552380952
2062	1.0	2.0	2062	1.7149972852380952	0.914285713809524
2063	1.0	2.0	2063	1.6673782376190478	0.8730158723809525
2064	1.0	2.0	2064	1.6305578399999998	0.8666666661904763
2065	1.0	2.0	2065	1.610272578095238	0.86031746
2066	0.93333333	1.40832722	2066	1.6195714914285713	0.8571428566666667
2067	1.0	1.64664066	2067	1.6082232323809527	0.8539682533333333
2068	1.0	2.0	2068	1.567122252857143	0.85079365
2069	1.0	1.64664066	2069	1.5363298404761903	0.8095238085714287
2070	1.0	2.0	2070	1.5055374280952383	0.7682539671428572
2071	0.13333333	1.0	2071	1.4747450157142856	0.7269841257142857
2072	0.13333333	1.0	2072	1.4915716509523809	0.7079365066666666
2073	0.13333333	1.0	2073	1.4565940357142857	0.7047619033333333
2074	0.86666667	1.22677165	2074	1.4565940357142857	0.7015873
2075	0.86666667	1.22065016	2075	1.4216164204761905	0.6984126966666666
2076	0.93333333	1.62876767	2076	1.3866388052380951	0.6952380933333333
2077	0.93333333	1.40832722	2077	1.4148136995238094	0.6952380933333333
2078	0.93333333	1.13687943	2078	1.3795015576190477	0.69206349
2079	0.13333333	1.0	2079	1.3795015576190477	0.6888888866666667
2080	0.13333333	1.0	2080	1.3361468038095239	0.6857142833333333
2081	0.13333333	1.0	2081	1.3184690738095237	0.68253968
2082	0.6	2.0	2082	1.3191724957142856	0.720634918095238
2083	0.93333333	1.26547008	2083	1.3191724957142856	0.720634918095238
2084	0.93333333	2.0	2084	1.3191724957142856	0.7587301561904761
2085	0.93333333	1.26547008	2085	1.327817999047619	0.761904759047619
2086	0.93333333	1.26547008	2086	1.3367550019047618	0.7650793619047618
2087	0.93333333	2.0	2087	1.292923589047619	0.7650793619047618
2088	0.93333333	0.90508568	2088	1.2916040933333333	0.761904759047619
2089	0.93333333	2.0	2089	1.3327050728571428	0.7587301561904761
2090	0.93333333	0.73619083	2090	1.310777230952381	0.7936507914285714
2091	0.93333333	1.62876767	2091	1.3146679057142858	0.7968253947619048
2092	0.93333333	1.01477186	2092	1.3622869533333333	0.7968253947619048
2093	0.13333333	1.0	2093	1.3622869533333333	0.7746031723809523
2094	0.93333333	1.0	2094	1.349645520952381	0.7365079342857143
2095	0.93333333	1.40832722	2095	1.3020264733333333	0.6984126961904762
2096	0.93333333	1.40832722	2096	1.3193263585714285	0.6984126961904762
2097	0.93333333	0.708308	2097	1.3073883480952382	0.6984126961904762
2098	0.86666667	1.38061781	2098	1.272410732857143	0.6984126961904762
2099	0.86666667	2.0	2099	1.30687178	0.6984126961904762
2100	0.86666667	0.53951532	2100	1.2453626371428572	0.6984126961904762
2101	0.2	1.08170417	2101	1.2773691319047618	0.6984126961904762
2102	0.13333333	2.0	2102	1.2513184890476192	0.6634920614285714
2103	0.13333333	2.0	2103	1.2700592204761907	0.6634920614285714
2104	0.13333333	1.0	2104	1.2302859942857143	0.7015872995238096
2105	0.13333333	1.0	2105	1.2328396638095238	0.7015872995238096
2106	0.93333333	1.62876767	2106	1.2140989323809523	0.7015872995238096
2107	0.93333333	1.01477186	2107	1.2140989323809523	0.7015872995238096
2108	0.93333333	1.26547008	2108	1.2461136852380954	0.6984126966666666
2109	0.93333333	1.62876767	2109	1.2074385380952382	0.7015872995238095
2110	0.93333333	0.708308	2110	1.1200462642857143	0.7047619023809523
2111	0.93333333	1.40832722	2111	1.1614182595238094	0.7079365052380953
2112	0.2	1.08170417	2112	1.1701690171428571	0.7428571399999999
2113	0.93333333	1.40832722	2113	1.1419941228571429	0.7809523780952381
2114	0.93333333	0.16476225	2114	1.1138192285714286	0.8190476161904763
2115	0.93333333	1.05362706	2115	1.1437605461904763	0.8571428542857144
2116	0.93333333	1.01477186	2116	1.1564019785714286	0.8952380923809523
2117	0.93333333	1.40832722	2117	1.1564019785714288	0.8952380923809523
2118	0.86666667	1.38061781	2118	1.1585420823809525	0.8952380923809523
2119	0.93333333	0.56843972	2119	1.1224428371428572	0.8952380923809523
2120	0.93333333	0.16476225	2120	1.1224428371428572	0.8952380923809523
2121	0.93333333	1.40832722	2121	1.1268987695238095	0.8952380923809523
2122	0.93333333	1.26547008	2122	1.1373959338095239	0.8952380923809523
2123	0.93333333	1.40832722	2123	1.1353511352380952	0.9269841242857142
2124	0.93333333	1.40832722	2124	1.1353511352380952	0.9269841242857142
2125	0.93333333	1.62876767	2125	1.205065679047619	0.9269841242857142
2126	0.93333333	1.26547008	2126	1.2144360447619047	0.9269841242857142
2127	0.93333333	1.62876767	2127	1.2137326228571428	0.8888888861904762
2128	0.93333333	1.05971404	2128	1.1942884695238096	0.850793648095238
2129	0.93333333	0.50738593	2129	1.1600557676190475	0.8571428542857142
2130	0.93333333	1.62876767	2130	1.1948994552380952	0.8603174576190475
2131	0.93333333	0.80188258	2131	1.282291729047619	0.8634920609523808
2132	0.93333333	1.62876767	2132	1.2771407738095237	0.8666666642857143
2133	0.86666667	1.0387634	2133	1.2777408609523808	0.8698412676190476
2134	0.93333333	1.40832722	2134	1.2702207428571428	0.8698412676190476
2135	0.93333333	1.62876767	2135	1.2807179071428572	0.8698412676190476
2136	0.93333333	1.25040474	2136	1.2807179071428572	0.8698412676190476
2137	0.13333333	1.0	2137	1.2555141333333333	0.8698412676190476
2138	0.13333333	1.0	2138	1.2436974733333332	0.8666666647619048
2139	1.0	0.66173107	2139		
2140	1.0	1.30015716	2140		
2141	1.0	2.0	2141		
2142	1.0	1.30015716	2142		
2143	1.0	1.27807191	2143		
2144	0.93333333	1.25040474	2144		
2145	0.93333333	1.62876767	2145		
2146	0.93333333	1.62876767	2146		
2147	0.93333333	0.73619083	2147		
2148	0.86666667	1.38061781	2148		
