# Information content per column (bits):
# Alignment file: Data_input/Bioinformatics_Pipeline/Step_1_Genome_Searches/1.1_Full-length_Search/HOTAIR_MSA_191.aln
# Alignment idx:  1
# Number of sequences: 191
# Sequence weights from alignment were ignored (if they existed).
#
#  alnpos  freqnongap  info(bits)
# -------  ----------  ----------
        1  0.00523560  2.00000000
        2  0.00523560  2.00000000
        3  0.00523560  2.00000000
        4  0.00523560  2.00000000
        5  0.00523560  2.00000000
        6  0.01047120  1.00000000
        7  0.01047120  1.00000000
        8  0.01047120  1.00000000
        9  0.01047120  1.00000000
       10  0.01047120  1.00000000
       11  0.01047120  2.00000000
       12  0.01047120  1.00000000
       13  0.01047120  1.00000000
       14  0.01570681  2.00000000
       15  0.01570681  2.00000000
       16  0.01570681  1.08170417
       17  0.03141361  0.74837083
       18  0.03664921  1.40832722
       19  0.04188482  0.25000000
       20  0.04712042  1.01357327
       21  0.06282723  0.44890183
       22  0.06282723  1.58618315
       23  0.06806283  0.51147471
       24  0.06806283  0.85988432
       25  0.06806283  0.66532086
       26  0.06806283  0.66532086
       27  0.07853403  0.84106147
       28  0.08900524  1.47744063
       29  0.10994764  1.29753345
       30  0.12565445  1.21476456
       31  0.14659686  1.19404151
       32  0.14659686  0.71294597
       33  0.15706806  1.43349049
       34  0.16230366  1.34054079
       35  0.16753927  1.46504528
       36  0.18324607  1.26961999
       37  0.18848168  1.19692827
       38  0.19895288  1.20180566
       39  0.20942408  1.83133907
       40  0.20942408  1.25241532
       41  0.21465969  1.26500667
       42  0.21465969  1.26500667
       43  0.21465969  1.37701629
       44  0.22513089  1.35905582
       45  0.23036649  1.40717489
       46  0.23036649  1.23055509
       47  0.04188482  1.18872188
       48  0.04712042  0.77560555
       49  0.04712042  0.46950694
       50  0.04712042  0.16340833
       51  0.04712042  1.00892394
       52  0.04712042  0.46950694
       53  0.04712042  0.60785278
       54  0.04712042  0.60785278
       55  0.23560209  1.28439180
       56  0.24083770  1.74198133
       57  0.24607330  1.30470687
       58  0.24607330  1.65753623
       59  0.24607330  1.74612156
       60  0.24607330  1.58007890
       61  0.24607330  1.59892160
       62  0.24607330  1.36524560
       63  0.24607330  1.59892160
       64  0.24607330  1.33178630
       65  0.24607330  1.51109141
       66  0.24607330  2.00000000
       67  0.24607330  1.44901556
       68  0.24607330  1.59892160
       69  0.24607330  1.33178630
       70  0.24607330  1.40779879
       71  0.20418848  1.52292869
       72  0.24607330  1.40779879
       73  0.24607330  1.59892160
       74  0.24607330  1.51103396
       75  0.24607330  1.59892160
       76  0.24607330  1.51103396
       77  0.24607330  1.65753623
       78  0.25130890  1.51857664
       79  0.25130890  1.37518275
       80  0.25654450  1.61149118
       81  0.25654450  1.71316110
       82  0.25654450  1.75397742
       83  0.25654450  1.36926957
       84  0.25654450  2.00000000
       85  0.25130890  1.70845104
       86  0.25130890  1.31440015
       87  0.25654450  1.85627383
       88  0.25654450  1.85627383
       89  0.25654450  1.66771337
       90  0.25654450  1.85627383
       91  0.25654450  2.00000000
       92  0.25654450  1.85627383
       93  0.25654450  2.00000000
       94  0.25654450  2.00000000
       95  0.25654450  1.52586723
       96  0.25654450  2.00000000
       97  0.25654450  1.85627383
       98  0.25654450  1.85627383
       99  0.25654450  1.85627383
      100  0.24607330  0.45166526
      101  0.24607330  1.85145051
      102  0.24607330  1.70356837
      103  0.24607330  1.85145051
      104  0.24607330  1.85145051
      105  0.25654450  1.85627383
      106  0.25654450  1.85627383
      107  0.25130890  1.85390575
      108  0.25654450  2.00000000
      109  0.25654450  1.85627383
      110  0.25654450  1.85627383
      111  0.25654450  2.00000000
      112  0.25654450  2.00000000
      113  0.25654450  1.85627383
      114  0.25654450  1.85627383
      115  0.25654450  1.85627383
      116  0.25654450  1.85627383
      117  0.25654450  2.00000000
      118  0.25654450  1.85627383
      119  0.25654450  2.00000000
      120  0.25654450  1.85627383
      121  0.25654450  1.85627383
      122  0.25654450  1.75397742
      123  0.25654450  1.85627383
      124  0.25654450  2.00000000
      125  0.25654450  1.85627383
      126  0.25654450  2.00000000
      127  0.25654450  2.00000000
      128  0.25654450  1.85627383
      129  0.25654450  1.85627383
      130  0.25654450  1.85627383
      131  0.25130890  2.00000000
      132  0.25654450  1.85627383
      133  0.25654450  1.85627383
      134  0.25654450  2.00000000
      135  0.25654450  1.85627383
      136  0.24607330  2.00000000
      137  0.24607330  1.85145051
      138  0.24607330  1.85145051
      139  0.24607330  1.85145051
      140  0.24607330  1.85145051
      141  0.25654450  1.75397742
      142  0.25654450  1.71316110
      143  0.25654450  1.71316110
      144  0.25654450  1.85627383
      145  0.25654450  1.85627383
      146  0.25654450  1.61149118
      147  0.25654450  2.00000000
      148  0.25654450  2.00000000
      149  0.25654450  1.85627383
      150  0.25654450  1.85627383
      151  0.25654450  1.85627383
      152  0.25130890  1.85390575
      153  0.25130890  1.85390575
      154  0.25130890  1.85390575
      155  0.25130890  2.00000000
      156  0.25130890  1.85390575
      157  0.25654450  2.00000000
      158  0.25654450  2.00000000
      159  0.25654450  1.71316110
      160  0.25654450  1.85627383
      161  0.25654450  1.85627383
      162  0.25654450  1.85627383
      163  0.25654450  1.75397742
      164  0.25654450  1.85627383
      165  0.25654450  1.85627383
      166  0.25654450  1.85627383
      167  0.01047120  1.00000000
      168  0.25654450  1.85627383
      169  0.25654450  1.85627383
      170  0.25654450  1.85627383
      171  0.25654450  1.26919050
      172  0.25654450  1.75397742
      173  0.25654450  1.75397742
      174  0.25654450  1.75397742
      175  0.24083770  2.00000000
      176  0.24083770  1.38474611
      177  0.25654450  1.85627383
      178  0.25654450  1.71316110
      179  0.25654450  2.00000000
      180  0.25654450  1.85627383
      181  0.25654450  2.00000000
      182  0.25654450  1.85627383
      183  0.25654450  2.00000000
      184  0.25654450  1.85627383
      185  0.25654450  1.85627383
      186  0.25654450  1.85627383
      187  0.25654450  1.13077196
      188  0.25654450  1.85627383
      189  0.25654450  1.66771337
      190  0.25654450  1.85627383
      191  0.25654450  1.52456835
      192  0.25654450  1.61149118
      193  0.26178010  1.47063913
      194  0.26178010  1.67255508
      195  0.26178010  1.75770781
      196  0.26178010  1.71770781
      197  0.26178010  1.71770781
      198  0.26178010  1.85855946
      199  0.26178010  1.67255508
      200  0.26178010  1.41576119
      201  0.26178010  1.53100441
      202  0.00523560  2.00000000
      203  0.00523560  2.00000000
      204  0.00523560  2.00000000
      205  0.00523560  2.00000000
      206  0.00523560  2.00000000
      207  0.00523560  2.00000000
      208  0.00523560  2.00000000
      209  0.00523560  2.00000000
      210  0.00523560  2.00000000
      211  0.00523560  2.00000000
      212  0.00523560  2.00000000
      213  0.00523560  2.00000000
      214  0.00523560  2.00000000
      215  0.00523560  2.00000000
      216  0.00523560  2.00000000
      217  0.00523560  2.00000000
      218  0.00523560  2.00000000
      219  0.00523560  2.00000000
      220  0.00523560  2.00000000
      221  0.00523560  2.00000000
      222  0.00523560  2.00000000
      223  0.00523560  2.00000000
      224  0.00523560  2.00000000
      225  0.00523560  2.00000000
      226  0.00523560  2.00000000
      227  0.00523560  2.00000000
      228  0.00523560  2.00000000
      229  0.00523560  2.00000000
      230  0.00523560  2.00000000
      231  0.00523560  2.00000000
      232  0.00523560  2.00000000
      233  0.00523560  2.00000000
      234  0.00523560  2.00000000
      235  0.00523560  2.00000000
      236  0.00523560  2.00000000
      237  0.00523560  2.00000000
      238  0.00523560  2.00000000
      239  0.00523560  2.00000000
      240  0.00523560  2.00000000
      241  0.00523560  2.00000000
      242  0.00523560  2.00000000
      243  0.00523560  2.00000000
      244  0.00523560  2.00000000
      245  0.00523560  2.00000000
      246  0.00523560  2.00000000
      247  0.00523560  2.00000000
      248  0.00523560  2.00000000
      249  0.00523560  2.00000000
      250  0.00523560  2.00000000
      251  0.00523560  2.00000000
      252  0.00523560  2.00000000
      253  0.00523560  2.00000000
      254  0.00523560  2.00000000
      255  0.00523560  2.00000000
      256  0.00523560  2.00000000
      257  0.00523560  2.00000000
      258  0.00523560  2.00000000
      259  0.00523560  2.00000000
      260  0.00523560  2.00000000
      261  0.00523560  2.00000000
      262  0.00523560  2.00000000
      263  0.00523560  2.00000000
      264  0.00523560  2.00000000
      265  0.00523560  2.00000000
      266  0.00523560  2.00000000
      267  0.00523560  2.00000000
      268  0.02094241  1.18872188
      269  0.02094241  2.00000000
      270  0.02094241  1.18872188
      271  0.02094241  2.00000000
      272  0.02094241  2.00000000
      273  0.02094241  0.50000000
      274  0.02094241  1.18872188
      275  0.02094241  1.18872188
      276  0.02094241  1.18872188
      277  0.02094241  0.50000000
      278  0.02094241  2.00000000
      279  0.02094241  1.18872188
      280  0.02094241  1.18872188
      281  0.02094241  1.18872188
      282  0.02094241  1.18872188
      283  0.02094241  1.18872188
      284  0.02094241  2.00000000
      285  0.02094241  1.18872188
      286  0.02094241  1.18872188
      287  0.02094241  2.00000000
      288  0.02094241  1.00000000
      289  0.02094241  1.18872188
      290  0.02094241  1.18872188
      291  0.02094241  2.00000000
      292  0.02094241  2.00000000
      293  0.02094241  2.00000000
      294  0.02094241  1.18872188
      295  0.02094241  1.18872188
      296  0.02094241  1.18872188
      297  0.02094241  1.18872188
      298  0.24083770  1.10754426
      299  0.24083770  1.23482009
      300  0.24083770  1.39849282
      301  0.24083770  1.65218309
      302  0.24083770  1.84890303
      303  0.24083770  2.00000000
      304  0.24083770  1.50322542
      305  0.24083770  1.65218309
      306  0.25654450  1.03084141
      307  0.26178010  1.45881160
      308  0.26701571  1.24778783
      309  0.27225131  1.47390021
      310  0.27225131  1.23378180
      311  0.27225131  1.43003862
      312  0.27748691  1.49048428
      313  0.28272251  0.91699860
      314  0.28272251  1.05461953
      315  0.28272251  1.17501974
      316  0.28272251  0.89604280
      317  0.28272251  1.42451695
      318  0.27748691  1.63420803
      319  0.27748691  1.25726806
      320  0.27748691  1.19628408
      321  0.27748691  0.93577065
      322  0.10994764  0.83421595
      323  0.10994764  1.29753345
      324  0.27225131  1.25558682
      325  0.27225131  1.54331637
      326  0.27225131  1.47390021
      327  0.27225131  1.62880610
      328  0.27225131  1.07064499
      329  0.27225131  0.51532746
      330  0.27225131  1.29699251
      331  0.27225131  1.36866845
      332  0.27225131  1.31384932
      333  0.27225131  1.31384932
      334  0.27225131  1.44995573
      335  0.27225131  1.48405307
      336  0.27225131  1.54331637
      337  0.27225131  1.60875644
      338  0.26178010  1.61745733
      339  0.26701571  1.53974257
      340  0.26178010  1.85855946
      341  0.26701571  1.53974257
      342  0.26701571  1.53974257
      343  0.26701571  1.86076700
      344  0.26701571  1.72209980
      345  0.26701571  1.48572517
      346  0.26701571  1.86076700
      347  0.26701571  1.76131549
      348  0.26178010  1.67255508
      349  0.26178010  2.00000000
      350  0.62827225  2.00000000
      351  0.66492147  1.88315024
      352  0.70157068  1.04153742
      353  0.70157068  1.05270941
      354  0.67539267  0.79526939
      355  0.67539267  0.98194686
      356  0.68586387  1.57116814
      357  0.70157068  1.03646402
      358  0.70157068  1.93654188
      359  0.70157068  0.92511635
      360  0.70157068  0.96686660
      361  0.70157068  1.31198855
      362  0.70157068  1.65270068
      363  0.70157068  1.93654188
      364  0.70157068  1.93654188
      365  0.69109948  1.84350894
      366  0.69109948  0.91288571
      367  0.69109948  1.73074105
      368  0.69109948  1.44812587
      369  0.24607330  2.00000000
      370  0.24607330  1.09654644
      371  0.26178010  1.85855946
      372  0.25654450  2.00000000
      373  0.26178010  2.00000000
      374  0.26178010  2.00000000
      375  0.26178010  1.61745733
      376  0.26178010  1.85855946
      377  0.26178010  2.00000000
      378  0.26178010  2.00000000
      379  0.26178010  1.71770781
      380  0.26178010  2.00000000
      381  0.26178010  2.00000000
      382  0.25130890  1.85390575
      383  0.26178010  1.85855946
      384  0.26178010  1.61745733
      385  0.26178010  1.61745733
      386  0.26178010  1.85855946
      387  0.26178010  1.85855946
      388  0.26178010  2.00000000
      389  0.23560209  1.64664066
      390  0.24083770  1.84890303
      391  0.25130890  1.75011771
      392  0.25130890  1.60531644
      393  0.25130890  1.60531644
      394  0.25130890  1.34164858
      395  0.25130890  1.51857664
      396  0.26178010  1.85855946
      397  0.26178010  1.85855946
      398  0.26178010  1.85855946
      399  0.26178010  2.00000000
      400  0.26178010  2.00000000
      401  0.26178010  1.04895434
      402  0.26178010  0.97888081
      403  0.26178010  1.17325363
      404  0.26178010  1.85855946
      405  0.26178010  1.85855946
      406  0.26178010  1.09561854
      407  0.25654450  2.00000000
      408  0.14136126  1.77146186
      409  0.00523560  2.00000000
      410  0.00523560  2.00000000
      411  0.00523560  2.00000000
      412  0.00523560  2.00000000
      413  0.00523560  2.00000000
      414  0.00523560  2.00000000
      415  0.00523560  2.00000000
      416  0.00523560  2.00000000
      417  0.00523560  2.00000000
      418  0.00523560  2.00000000
      419  0.00523560  2.00000000
      420  0.00523560  2.00000000
      421  0.00523560  2.00000000
      422  0.00523560  2.00000000
      423  0.00523560  2.00000000
      424  0.00523560  2.00000000
      425  0.00523560  2.00000000
      426  0.00523560  2.00000000
      427  0.00523560  2.00000000
      428  0.00523560  2.00000000
      429  0.26178010  1.85855946
      430  0.25654450  1.59209402
      431  0.25654450  1.85627383
      432  0.26178010  1.53291856
      433  0.26701571  1.67724304
      434  0.26701571  1.62322564
      435  0.26701571  1.52494085
      436  0.26701571  1.86076700
      437  0.26701571  1.05023134
      438  0.26701571  1.86076700
      439  0.26701571  1.86076700
      440  0.26701571  1.86076700
      441  0.26701571  2.00000000
      442  0.26701571  2.00000000
      443  0.25654450  1.71316110
      444  0.27225131  1.76480662
      445  0.27225131  1.86290052
      446  0.27225131  1.37809586
      447  0.27225131  1.03387633
      448  0.27225131  1.86290052
      449  0.27225131  2.00000000
      450  0.27225131  2.00000000
      451  0.27225131  2.00000000
      452  0.27225131  2.00000000
      453  0.27225131  2.00000000
      454  0.27225131  2.00000000
      455  0.28272251  1.86696035
      456  0.28795812  2.00000000
      457  0.28795812  2.00000000
      458  0.29319372  1.77771517
      459  0.29319372  2.00000000
      460  0.29842932  2.00000000
      461  0.30366492  2.00000000
      462  0.30890052  0.74702198
      463  0.31937173  1.79181905
      464  0.32460733  1.72049445
      465  0.34031414  1.10950836
      466  0.34554974  1.56050301
      467  0.35078534  2.00000000
      468  0.35078534  2.00000000
      469  0.05235602  1.27807191
      470  0.05235602  1.02904941
      471  0.04188482  1.18872188
      472  0.05235602  2.00000000
      473  0.05235602  2.00000000
      474  0.34031414  2.00000000
      475  0.34554974  2.00000000
      476  0.34554974  2.00000000
      477  0.34554974  2.00000000
      478  0.34554974  2.00000000
      479  0.34554974  2.00000000
      480  0.34554974  2.00000000
      481  0.36125654  2.00000000
      482  0.36125654  2.00000000
      483  0.36125654  2.00000000
      484  0.36125654  2.00000000
      485  0.36125654  2.00000000
      486  0.36125654  2.00000000
      487  0.36125654  2.00000000
      488  0.37172775  1.89320797
      489  0.37172775  1.63250151
      490  0.37172775  2.00000000
      491  0.38219895  1.14184497
      492  0.38219895  2.00000000
      493  0.39267016  2.00000000
      494  0.39267016  1.89784196
      495  0.38219895  2.00000000
      496  0.39267016  2.00000000
      497  0.40314136  2.00000000
      498  0.41361257  2.00000000
      499  0.41884817  1.90305539
      500  0.42408377  1.90402960
      501  0.42931937  2.00000000
      502  0.43455497  2.00000000
      503  0.43979058  1.90682868
      504  0.43979058  1.77771517
      505  0.43979058  1.83767382
      506  0.43455497  2.00000000
      507  0.43979058  2.00000000
      508  0.43979058  2.00000000
      509  0.45026178  2.00000000
      510  0.45026178  2.00000000
      511  0.44502618  2.00000000
      512  0.45026178  2.00000000
      513  0.45549738  2.00000000
      514  0.45549738  1.75193769
      515  0.45549738  1.90945615
      516  0.45549738  2.00000000
      517  0.46073298  1.84350894
      518  0.45549738  1.42120538
      519  0.45549738  2.00000000
      520  0.45549738  1.90945615
      521  0.45549738  1.84209363
      522  0.38219895  2.00000000
      523  0.34031414  2.00000000
      524  0.19895288  1.07318094
      525  0.19895288  1.82443497
      526  0.19371728  2.00000000
      527  0.02094241  1.18872188
      528  0.02617801  2.00000000
      529  0.02617801  1.27807191
      530  0.02094241  2.00000000
      531  0.02094241  2.00000000
      532  0.02094241  2.00000000
      533  0.02094241  2.00000000
      534  0.02094241  2.00000000
      535  0.02094241  2.00000000
      536  0.02094241  2.00000000
      537  0.02094241  2.00000000
      538  0.02094241  2.00000000
      539  0.02094241  2.00000000
      540  0.02094241  2.00000000
      541  0.02094241  2.00000000
      542  0.02094241  2.00000000
      543  0.02094241  2.00000000
      544  0.02094241  2.00000000
      545  0.02094241  2.00000000
      546  0.18848168  2.00000000
      547  0.18848168  1.11202368
      548  0.25654450  1.32380254
      549  0.28272251  1.61905341
      550  0.28272251  2.00000000
      551  0.32460733  1.45244685
      552  0.30366492  1.25878223
      553  0.30890052  1.09223763
      554  0.33507853  1.79937768
      555  0.32984293  1.04444460
      556  0.30890052  1.64235329
      557  0.32984293  1.33187267
      558  0.32984293  1.72380457
      559  0.32984293  1.15329942
      560  0.34031414  1.88532449
      561  0.34031414  1.34405792
      562  0.26178010  1.71770781
      563  0.19895288  1.25751243
      564  0.16230366  1.54131418
      565  0.10994764  1.29753345
      566  0.20418848  1.65689969
      567  0.18848168  1.58618315
      568  0.17277487  1.60954787
      569  0.17801047  1.38199614
      570  0.18324607  1.39457336
      571  0.37696335  1.89440896
      572  0.38219895  1.89558092
      573  0.36125654  1.57377134
      574  0.37696335  1.34997758
      575  0.44502618  1.58958386
      576  0.44502618  1.83917698
      577  0.45549738  1.90945615
      578  0.45549738  2.00000000
      579  0.45549738  2.00000000
      580  0.45549738  1.81910512
      581  0.46073298  2.00000000
      582  0.46073298  1.73323501
      583  0.46596859  1.78734136
      584  0.46596859  2.00000000
      585  0.46596859  2.00000000
      586  0.46596859  1.60258959
      587  0.46596859  2.00000000
      588  0.46596859  1.78734136
      589  0.46596859  2.00000000
      590  0.46596859  2.00000000
      591  0.46596859  1.91112030
      592  0.46596859  1.84489673
      593  0.46596859  2.00000000
      594  0.46596859  1.84489673
      595  0.46596859  2.00000000
      596  0.91099476  1.28173852
      597  0.91099476  0.89277160
      598  0.91099476  0.84682228
      599  0.91099476  1.94895698
      600  0.91099476  0.89277160
      601  0.91099476  1.16632229
      602  0.90052356  1.90859838
      603  0.91099476  1.68215030
      604  0.91099476  0.67276606
      605  0.91099476  1.59620285
      606  0.91099476  1.00152538
      607  0.91099476  0.95664603
      608  0.90052356  0.89123662
      609  0.90052356  1.87317427
      610  0.90052356  0.89083948
      611  0.90052356  1.00009753
      612  0.90052356  1.48143027
      613  0.90052356  0.92111459
      614  0.90575916  1.94871014
      615  0.91099476  1.78408818
      616  0.91099476  1.78408818
      617  0.91099476  0.84487447
      618  0.91099476  0.33830868
      619  0.91099476  1.65506114
      620  0.91099476  1.75665479
      621  0.91099476  0.59738068
      622  0.91099476  0.76238486
      623  0.90575916  0.65098944
      624  0.91099476  1.41862837
      625  0.90052356  0.95626216
      626  0.90052356  0.58912448
      627  0.89005236  1.39276631
      628  0.90575916  1.00291831
      629  0.89005236  1.78733357
      630  0.91099476  0.74110761
      631  0.91099476  0.24909957
      632  0.91099476  0.77942062
      633  0.90052356  0.68008869
      634  0.90052356  1.00000000
      635  0.83246073  1.60574900
      636  0.89005236  1.90772275
      637  0.90052356  1.89697047
      638  0.90052356  0.95449541
      639  0.91099476  1.75665479
      640  0.90575916  0.68822430
      641  0.91099476  0.81808583
      642  0.89528796  1.46368919
      643  0.89528796  0.92188154
      644  0.89528796  1.83991717
      645  0.89528796  1.55274121
      646  0.89528796  1.00002467
      647  0.89528796  0.54933759
      648  0.00523560  2.00000000
      649  0.00523560  2.00000000
      650  0.04188482  1.45643556
      651  0.05235602  2.00000000
      652  0.12565445  0.85684412
      653  0.09424084  2.00000000
      654  0.11518325  2.00000000
      655  0.13089005  1.36569045
      656  0.07853403  2.00000000
      657  0.07329843  2.00000000
      658  0.08376963  1.66270993
      659  0.14659686  1.77771517
      660  0.14659686  1.55733910
      661  0.20418848  2.00000000
      662  0.21989529  1.67618552
      663  0.23036649  1.84350894
      664  0.27225131  1.86290052
      665  0.29319372  1.64942694
      666  0.32984293  1.79692607
      667  0.47120419  2.00000000
      668  0.47120419  2.00000000
      669  0.47120419  2.00000000
      670  0.47120419  2.00000000
      671  0.47120419  2.00000000
      672  0.47120419  1.73768878
      673  0.47120419  1.73768878
      674  0.47120419  2.00000000
      675  0.51308901  2.00000000
      676  0.51308901  1.54772141
      677  0.51308901  2.00000000
      678  0.51308901  2.00000000
      679  0.51308901  1.10640968
      680  0.51308901  1.85627383
      681  0.51308901  1.06676280
      682  0.51308901  0.93178255
      683  0.51308901  1.46364035
      684  0.51308901  1.85627383
      685  0.49738220  2.00000000
      686  0.48691099  1.91425732
      687  0.95811518  1.52020523
      688  0.95287958  1.87878729
      689  0.83246073  1.90256017
      690  0.83769634  1.94524934
      691  0.95287958  1.79177168
      692  0.95287958  0.87393978
      693  0.95287958  0.93439239
      694  0.95811518  1.91310948
      695  0.95811518  1.65062091
      696  0.95811518  1.81921924
      697  0.52356021  2.00000000
      698  0.95811518  0.87807368
      699  0.95811518  1.20999559
      700  0.95811518  0.39308442
      701  0.96335079  0.96155201
      702  0.96335079  0.98215516
      703  0.96335079  1.17758891
      704  0.93717277  0.85739846
      705  0.96335079  1.87984561
      706  0.96858639  1.00541594
      707  0.96858639  0.89735487
      708  0.96858639  0.93239489
      709  0.96858639  1.71289057
      710  0.97382199  1.01011536
      711  0.96335079  1.87984561
      712  0.92146597  1.91029661
      713  0.97382199  1.00075075
      714  0.97382199  1.04858775
      715  0.97382199  2.00000000
      716  0.97382199  1.37489664
      717  0.97382199  1.01204350
      718  0.97382199  1.80208907
      719  0.97382199  1.00409059
      720  0.01570681  1.08170417
      721  0.01570681  2.00000000
      722  0.01570681  2.00000000
      723  0.01570681  2.00000000
      724  0.01570681  1.08170417
      725  0.01570681  1.08170417
      726  0.01570681  2.00000000
      727  0.00523560  2.00000000
      728  0.01570681  1.08170417
      729  0.01570681  1.08170417
      730  0.01570681  2.00000000
      731  0.01570681  2.00000000
      732  0.01570681  2.00000000
      733  0.01570681  2.00000000
      734  0.01570681  2.00000000
      735  0.01570681  2.00000000
      736  0.01570681  2.00000000
      737  0.01570681  1.08170417
      738  0.01570681  1.08170417
      739  0.01570681  1.08170417
      740  0.01570681  2.00000000
      741  0.01570681  2.00000000
      742  0.01570681  2.00000000
      743  0.01570681  2.00000000
      744  0.01570681  2.00000000
      745  0.01570681  2.00000000
      746  0.01570681  2.00000000
      747  0.01570681  1.08170417
      748  0.01570681  2.00000000
      749  0.01570681  2.00000000
      750  0.01570681  2.00000000
      751  0.01570681  2.00000000
      752  0.01570681  1.08170417
      753  0.01570681  2.00000000
      754  0.01047120  2.00000000
      755  0.01570681  2.00000000
      756  0.01570681  1.08170417
      757  0.01570681  2.00000000
      758  0.01570681  2.00000000
      759  0.01570681  1.08170417
      760  0.01570681  2.00000000
      761  0.01570681  1.08170417
      762  0.01570681  2.00000000
      763  0.01570681  2.00000000
      764  0.01570681  2.00000000
      765  0.01570681  2.00000000
      766  0.01570681  2.00000000
      767  0.01570681  2.00000000
      768  0.01570681  2.00000000
      769  0.01570681  2.00000000
      770  0.01570681  2.00000000
      771  0.01570681  1.08170417
      772  0.01570681  2.00000000
      773  0.01570681  2.00000000
      774  0.01570681  2.00000000
      775  0.01570681  1.08170417
      776  0.01570681  1.08170417
      777  0.01570681  1.08170417
      778  0.01570681  2.00000000
      779  0.01570681  1.08170417
      780  0.01570681  2.00000000
      781  0.01570681  1.08170417
      782  0.01570681  2.00000000
      783  0.01570681  2.00000000
      784  0.01570681  2.00000000
      785  0.01570681  1.08170417
      786  0.01047120  1.00000000
      787  0.01570681  2.00000000
      788  0.01570681  2.00000000
      789  0.01570681  2.00000000
      790  0.01570681  1.08170417
      791  0.01570681  2.00000000
      792  0.01570681  1.08170417
      793  0.01570681  1.08170417
      794  0.01570681  1.08170417
      795  0.01570681  1.08170417
      796  0.01570681  2.00000000
      797  0.01570681  2.00000000
      798  0.01570681  2.00000000
      799  0.01570681  2.00000000
      800  0.01570681  2.00000000
      801  0.01570681  2.00000000
      802  0.01570681  2.00000000
      803  0.01570681  2.00000000
      804  0.01570681  2.00000000
      805  0.01570681  2.00000000
      806  0.01570681  2.00000000
      807  0.01570681  2.00000000
      808  0.01570681  1.08170417
      809  0.01570681  2.00000000
      810  0.01570681  2.00000000
      811  0.01570681  2.00000000
      812  0.01570681  2.00000000
      813  0.01570681  2.00000000
      814  0.01570681  2.00000000
      815  0.01570681  2.00000000
      816  0.01570681  2.00000000
      817  0.01570681  2.00000000
      818  0.01570681  2.00000000
      819  0.01570681  1.08170417
      820  0.01570681  2.00000000
      821  0.01570681  2.00000000
      822  0.01570681  1.08170417
      823  0.01570681  2.00000000
      824  0.01570681  2.00000000
      825  0.01570681  2.00000000
      826  0.01570681  1.08170417
      827  0.01570681  2.00000000
      828  0.01570681  2.00000000
      829  0.01570681  2.00000000
      830  0.01570681  2.00000000
      831  0.01570681  2.00000000
      832  0.01570681  2.00000000
      833  0.01570681  2.00000000
      834  0.01570681  1.08170417
      835  0.01570681  2.00000000
      836  0.01570681  2.00000000
      837  0.01570681  2.00000000
      838  0.01570681  2.00000000
      839  0.01570681  2.00000000
      840  0.01570681  2.00000000
      841  0.01570681  2.00000000
      842  0.01570681  1.08170417
      843  0.00523560  2.00000000
      844  0.01047120  2.00000000
      845  0.01570681  2.00000000
      846  0.01570681  2.00000000
      847  0.01570681  2.00000000
      848  0.01570681  2.00000000
      849  0.01570681  2.00000000
      850  0.01570681  2.00000000
      851  0.01570681  2.00000000
      852  0.01570681  0.41503750
      853  0.01047120  2.00000000
      854  0.01047120  2.00000000
      855  0.01047120  2.00000000
      856  0.01047120  2.00000000
      857  0.01047120  1.00000000
      858  0.01047120  1.00000000
      859  0.01570681  2.00000000
      860  0.01570681  2.00000000
      861  0.01570681  2.00000000
      862  0.01570681  2.00000000
      863  0.01570681  1.08170417
      864  0.01570681  2.00000000
      865  0.01570681  2.00000000
      866  0.01570681  2.00000000
      867  0.01570681  2.00000000
      868  0.01570681  2.00000000
      869  0.01570681  1.08170417
      870  0.01570681  2.00000000
      871  0.01570681  2.00000000
      872  0.01570681  1.08170417
      873  0.01047120  2.00000000
      874  0.01047120  1.00000000
      875  0.01047120  2.00000000
      876  0.01047120  2.00000000
      877  0.01047120  1.00000000
      878  0.01570681  2.00000000
      879  0.01570681  1.08170417
      880  0.01570681  1.08170417
      881  0.01570681  2.00000000
      882  0.01570681  2.00000000
      883  0.01570681  2.00000000
      884  0.01570681  2.00000000
      885  0.01570681  1.08170417
      886  0.01570681  0.41503750
      887  0.01570681  2.00000000
      888  0.01570681  1.08170417
      889  0.01570681  2.00000000
      890  0.01570681  2.00000000
      891  0.01570681  2.00000000
      892  0.01570681  2.00000000
      893  0.01570681  2.00000000
      894  0.01570681  2.00000000
      895  0.01570681  2.00000000
      896  0.01570681  2.00000000
      897  0.01570681  2.00000000
      898  0.01570681  2.00000000
      899  0.01570681  1.08170417
      900  0.01570681  1.08170417
      901  0.01570681  2.00000000
      902  0.01570681  1.08170417
      903  0.01570681  1.08170417
      904  0.01570681  2.00000000
      905  0.01570681  2.00000000
      906  0.01570681  2.00000000
      907  0.01570681  2.00000000
      908  0.01570681  2.00000000
      909  0.01570681  2.00000000
      910  0.01570681  1.08170417
      911  0.01570681  0.41503750
      912  0.01570681  1.08170417
      913  0.01570681  0.41503750
      914  0.01570681  2.00000000
      915  0.01570681  1.08170417
      916  0.01570681  1.08170417
      917  0.00523560  2.00000000
      918  0.00523560  2.00000000
      919  0.00523560  2.00000000
      920  0.00523560  2.00000000
      921  0.01570681  2.00000000
      922  0.01570681  2.00000000
      923  0.01570681  2.00000000
      924  0.01570681  2.00000000
      925  0.01570681  2.00000000
      926  0.01570681  2.00000000
      927  0.01570681  2.00000000
      928  0.00523560  2.00000000
      929  0.00523560  2.00000000
      930  0.00523560  2.00000000
      931  0.00523560  2.00000000
      932  0.00523560  2.00000000
      933  0.00523560  2.00000000
      934  0.01570681  2.00000000
      935  0.01570681  0.41503750
      936  0.01570681  1.08170417
      937  0.01570681  2.00000000
      938  0.01570681  2.00000000
      939  0.01570681  2.00000000
      940  0.01570681  1.08170417
      941  0.01570681  2.00000000
      942  0.01570681  2.00000000
      943  0.01570681  1.08170417
      944  0.01570681  2.00000000
      945  0.01570681  2.00000000
      946  0.01570681  2.00000000
      947  0.01570681  1.08170417
      948  0.01570681  2.00000000
      949  0.01570681  2.00000000
      950  0.01570681  2.00000000
      951  0.01570681  1.08170417
      952  0.01570681  1.08170417
      953  0.01570681  2.00000000
      954  0.01570681  2.00000000
      955  0.01570681  2.00000000
      956  0.01570681  1.08170417
      957  0.01570681  2.00000000
      958  0.01570681  2.00000000
      959  0.01570681  2.00000000
      960  0.01570681  2.00000000
      961  0.01570681  2.00000000
      962  0.01570681  2.00000000
      963  0.01570681  1.08170417
      964  0.01570681  1.08170417
      965  0.01570681  2.00000000
      966  0.01570681  0.41503750
      967  0.01570681  1.08170417
      968  0.01570681  1.08170417
      969  0.01570681  2.00000000
      970  0.01570681  2.00000000
      971  0.00523560  2.00000000
      972  0.00523560  2.00000000
      973  0.00523560  2.00000000
      974  0.00523560  2.00000000
      975  0.00523560  2.00000000
      976  0.01047120  1.00000000
      977  0.01047120  2.00000000
      978  0.01047120  2.00000000
      979  0.01047120  2.00000000
      980  0.01047120  2.00000000
      981  0.01047120  1.00000000
      982  0.01570681  2.00000000
      983  0.01570681  2.00000000
      984  0.01570681  2.00000000
      985  0.01570681  1.08170417
      986  0.01570681  2.00000000
      987  0.01570681  1.08170417
      988  0.01570681  2.00000000
      989  0.01570681  2.00000000
      990  0.01570681  2.00000000
      991  0.01570681  2.00000000
      992  0.01570681  2.00000000
      993  0.01570681  2.00000000
      994  0.01570681  2.00000000
      995  0.01570681  2.00000000
      996  0.01570681  2.00000000
      997  0.01570681  2.00000000
      998  0.01570681  2.00000000
      999  0.01570681  2.00000000
     1000  0.01570681  2.00000000
     1001  0.01570681  2.00000000
     1002  0.01570681  2.00000000
     1003  0.01570681  2.00000000
     1004  0.01570681  2.00000000
     1005  0.01570681  2.00000000
     1006  0.01570681  2.00000000
     1007  0.01570681  1.08170417
     1008  0.01570681  2.00000000
     1009  0.01570681  2.00000000
     1010  0.01570681  2.00000000
     1011  0.01570681  1.08170417
     1012  0.01570681  2.00000000
     1013  0.01570681  2.00000000
     1014  0.01570681  2.00000000
     1015  0.01570681  2.00000000
     1016  0.01570681  2.00000000
     1017  0.01570681  2.00000000
     1018  0.01570681  2.00000000
     1019  0.01570681  2.00000000
     1020  0.01570681  2.00000000
     1021  0.01570681  1.08170417
     1022  0.01570681  2.00000000
     1023  0.01570681  1.08170417
     1024  0.01570681  2.00000000
     1025  0.01570681  2.00000000
     1026  0.01570681  2.00000000
     1027  0.01570681  2.00000000
     1028  0.01570681  2.00000000
     1029  0.01570681  2.00000000
     1030  0.01570681  2.00000000
     1031  0.01570681  2.00000000
     1032  0.01570681  2.00000000
     1033  0.01570681  1.08170417
     1034  0.01570681  2.00000000
     1035  0.01570681  1.08170417
     1036  0.01570681  2.00000000
     1037  0.01570681  2.00000000
     1038  0.01570681  2.00000000
     1039  0.01570681  2.00000000
     1040  0.01570681  2.00000000
     1041  0.01570681  2.00000000
     1042  0.01570681  1.08170417
     1043  0.01570681  2.00000000
     1044  0.01570681  2.00000000
     1045  0.01570681  2.00000000
     1046  0.01570681  2.00000000
     1047  0.01570681  1.08170417
     1048  0.01570681  2.00000000
     1049  0.00523560  2.00000000
     1050  0.00523560  2.00000000
     1051  0.00523560  2.00000000
     1052  0.00523560  2.00000000
     1053  0.01570681  2.00000000
     1054  0.01570681  2.00000000
     1055  0.01570681  2.00000000
     1056  0.01570681  1.08170417
     1057  0.01570681  2.00000000
     1058  0.01570681  2.00000000
     1059  0.01570681  2.00000000
     1060  0.01570681  2.00000000
     1061  0.01570681  2.00000000
     1062  0.01570681  2.00000000
     1063  0.01570681  2.00000000
     1064  0.01570681  2.00000000
     1065  0.01570681  2.00000000
     1066  0.01570681  2.00000000
     1067  0.01570681  2.00000000
     1068  0.01570681  2.00000000
     1069  0.01570681  2.00000000
     1070  0.01570681  0.41503750
     1071  0.01570681  1.08170417
     1072  0.01570681  1.08170417
     1073  0.01570681  2.00000000
     1074  0.01047120  2.00000000
     1075  0.01047120  2.00000000
     1076  0.01047120  2.00000000
     1077  0.01047120  2.00000000
     1078  0.01047120  2.00000000
     1079  0.00523560  2.00000000
     1080  0.00523560  2.00000000
     1081  0.00523560  2.00000000
     1082  0.00523560  2.00000000
     1083  0.00523560  2.00000000
     1084  0.00523560  2.00000000
     1085  0.00523560  2.00000000
     1086  0.00523560  2.00000000
     1087  0.00523560  2.00000000
     1088  0.00523560  2.00000000
     1089  0.01047120  2.00000000
     1090  0.01047120  2.00000000
     1091  0.01047120  1.00000000
     1092  0.01047120  2.00000000
     1093  0.01047120  2.00000000
     1094  0.01047120  2.00000000
     1095  0.01570681  2.00000000
     1096  0.01570681  2.00000000
     1097  0.01570681  1.08170417
     1098  0.01570681  2.00000000
     1099  0.01570681  2.00000000
     1100  0.01570681  2.00000000
     1101  0.01570681  1.08170417
     1102  0.01570681  2.00000000
     1103  0.01570681  1.08170417
     1104  0.01570681  2.00000000
     1105  0.01570681  2.00000000
     1106  0.01570681  1.08170417
     1107  0.01570681  1.08170417
     1108  0.01570681  1.08170417
     1109  0.01570681  2.00000000
     1110  0.01570681  2.00000000
     1111  0.01570681  2.00000000
     1112  0.01570681  2.00000000
     1113  0.01570681  2.00000000
     1114  0.01570681  1.08170417
     1115  0.01570681  2.00000000
     1116  0.01047120  1.00000000
     1117  0.01047120  1.00000000
     1118  0.00523560  2.00000000
     1119  0.01570681  2.00000000
     1120  0.01570681  2.00000000
     1121  0.01570681  1.08170417
     1122  0.01570681  1.08170417
     1123  0.01570681  2.00000000
     1124  0.01570681  1.08170417
     1125  0.01570681  2.00000000
     1126  0.01570681  2.00000000
     1127  0.01570681  2.00000000
     1128  0.01570681  2.00000000
     1129  0.01570681  2.00000000
     1130  0.01570681  2.00000000
     1131  0.01570681  2.00000000
     1132  0.01570681  1.08170417
     1133  0.01570681  2.00000000
     1134  0.01570681  2.00000000
     1135  0.01570681  2.00000000
     1136  0.01570681  2.00000000
     1137  0.01570681  1.08170417
     1138  0.01570681  2.00000000
     1139  0.01570681  2.00000000
     1140  0.01570681  2.00000000
     1141  0.01570681  2.00000000
     1142  0.01570681  2.00000000
     1143  0.01570681  1.08170417
     1144  0.01570681  2.00000000
     1145  0.01570681  2.00000000
     1146  0.01570681  2.00000000
     1147  0.01570681  2.00000000
     1148  0.01570681  2.00000000
     1149  0.43979058  2.00000000
     1150  0.44502618  1.67724304
     1151  0.44502618  1.83917698
     1152  0.43455497  1.90591556
     1153  0.44502618  2.00000000
     1154  0.44502618  1.77971673
     1155  0.44502618  1.25842332
     1156  0.43979058  1.83767382
     1157  0.43979058  1.67444829
     1158  0.43979058  2.00000000
     1159  0.44502618  1.90772275
     1160  0.44502618  1.81564757
     1161  0.44502618  0.79917145
     1162  0.44502618  1.62012830
     1163  0.44502618  1.77971673
     1164  0.44502618  2.00000000
     1165  0.44502618  1.77971673
     1166  0.44502618  2.00000000
     1167  0.43979058  1.68517228
     1168  0.44502618  1.17503413
     1169  0.44502618  1.68805304
     1170  0.43979058  1.77771517
     1171  0.43979058  1.90682868
     1172  0.43979058  1.83767382
     1173  0.43979058  2.00000000
     1174  0.37172775  2.00000000
     1175  0.02617801  2.00000000
     1176  0.02094241  2.00000000
     1177  0.43979058  1.72380457
     1178  0.44502618  1.58958386
     1179  0.44502618  1.81564757
     1180  0.34554974  1.69149429
     1181  0.37172775  1.60275958
     1182  0.41884817  1.54068846
     1183  0.41884817  1.66360304
     1184  0.43455497  1.72133020
     1185  0.43455497  1.90591556
     1186  0.43455497  1.52011058
     1187  0.44502618  1.77971673
     1188  0.44502618  0.93833713
     1189  0.44502618  1.63477668
     1190  0.44502618  1.67917201
     1191  0.44502618  1.81564757
     1192  0.44502618  1.74730629
     1193  0.44502618  1.83917698
     1194  0.44502618  1.72623083
     1195  0.44502618  1.59659889
     1196  0.36649215  1.81282374
     1197  0.36649215  1.74475789
     1198  0.36649215  1.62876767
     1199  0.37172775  1.68726662
     1200  0.43979058  1.90682868
     1201  0.43455497  1.81204310
     1202  0.01047120  2.00000000
     1203  0.01570681  1.08170417
     1204  0.01570681  2.00000000
     1205  0.01570681  1.08170417
     1206  0.01570681  2.00000000
     1207  0.01570681  1.08170417
     1208  0.01570681  2.00000000
     1209  0.01570681  2.00000000
     1210  0.01570681  2.00000000
     1211  0.01570681  2.00000000
     1212  0.01570681  2.00000000
     1213  0.01570681  2.00000000
     1214  0.01570681  2.00000000
     1215  0.01570681  2.00000000
     1216  0.01570681  2.00000000
     1217  0.01570681  1.08170417
     1218  0.01570681  2.00000000
     1219  0.01570681  2.00000000
     1220  0.01570681  1.08170417
     1221  0.01570681  2.00000000
     1222  0.01570681  2.00000000
     1223  0.01570681  2.00000000
     1224  0.01570681  1.08170417
     1225  0.01570681  2.00000000
     1226  0.01570681  2.00000000
     1227  0.01570681  2.00000000
     1228  0.01570681  2.00000000
     1229  0.01570681  2.00000000
     1230  0.01047120  1.00000000
     1231  0.01570681  2.00000000
     1232  0.01570681  1.08170417
     1233  0.01570681  2.00000000
     1234  0.01570681  2.00000000
     1235  0.01570681  2.00000000
     1236  0.01570681  1.08170417
     1237  0.01570681  2.00000000
     1238  0.01570681  2.00000000
     1239  0.01570681  2.00000000
     1240  0.01570681  2.00000000
     1241  0.01570681  2.00000000
     1242  0.01570681  1.08170417
     1243  0.01570681  2.00000000
     1244  0.01570681  1.08170417
     1245  0.01570681  2.00000000
     1246  0.01570681  2.00000000
     1247  0.01570681  1.08170417
     1248  0.01570681  2.00000000
     1249  0.01570681  2.00000000
     1250  0.01570681  1.08170417
     1251  0.01570681  2.00000000
     1252  0.01570681  2.00000000
     1253  0.01570681  1.08170417
     1254  0.01570681  1.08170417
     1255  0.01570681  2.00000000
     1256  0.01570681  2.00000000
     1257  0.01570681  2.00000000
     1258  0.01570681  2.00000000
     1259  0.01570681  1.08170417
     1260  0.01570681  2.00000000
     1261  0.01570681  2.00000000
     1262  0.01570681  2.00000000
     1263  0.01570681  2.00000000
     1264  0.01570681  2.00000000
     1265  0.01570681  2.00000000
     1266  0.01570681  2.00000000
     1267  0.01570681  2.00000000
     1268  0.01570681  2.00000000
     1269  0.01570681  2.00000000
     1270  0.01570681  2.00000000
     1271  0.01570681  1.08170417
     1272  0.01570681  2.00000000
     1273  0.01570681  2.00000000
     1274  0.01570681  2.00000000
     1275  0.01570681  1.08170417
     1276  0.01047120  2.00000000
     1277  0.01047120  2.00000000
     1278  0.01047120  2.00000000
     1279  0.01047120  2.00000000
     1280  0.01047120  1.00000000
     1281  0.00523560  2.00000000
     1282  0.00523560  2.00000000
     1283  0.00523560  2.00000000
     1284  0.00523560  2.00000000
     1285  0.01570681  1.08170417
     1286  0.01570681  1.08170417
     1287  0.01570681  2.00000000
     1288  0.01570681  1.08170417
     1289  0.01570681  2.00000000
     1290  0.01570681  1.08170417
     1291  0.01570681  1.08170417
     1292  0.01570681  1.08170417
     1293  0.01570681  1.08170417
     1294  0.01570681  2.00000000
     1295  0.01570681  2.00000000
     1296  0.01570681  0.41503750
     1297  0.01570681  2.00000000
     1298  0.01570681  2.00000000
     1299  0.01570681  2.00000000
     1300  0.01570681  2.00000000
     1301  0.01570681  2.00000000
     1302  0.01570681  1.08170417
     1303  0.01570681  2.00000000
     1304  0.01570681  1.08170417
     1305  0.01047120  2.00000000
     1306  0.01047120  2.00000000
     1307  0.01047120  2.00000000
     1308  0.01047120  2.00000000
     1309  0.01047120  2.00000000
     1310  0.01047120  2.00000000
     1311  0.01570681  2.00000000
     1312  0.01570681  2.00000000
     1313  0.01570681  2.00000000
     1314  0.01570681  2.00000000
     1315  0.01570681  2.00000000
     1316  0.01570681  2.00000000
     1317  0.01570681  2.00000000
     1318  0.01570681  2.00000000
     1319  0.01570681  1.08170417
     1320  0.01570681  1.08170417
     1321  0.01570681  2.00000000
     1322  0.01570681  2.00000000
     1323  0.01047120  2.00000000
     1324  0.01047120  1.00000000
     1325  0.01047120  2.00000000
     1326  0.01570681  2.00000000
     1327  0.01570681  2.00000000
     1328  0.01570681  1.08170417
     1329  0.01570681  1.08170417
     1330  0.01570681  1.08170417
     1331  0.01570681  1.08170417
     1332  0.01570681  0.41503750
     1333  0.01570681  2.00000000
     1334  0.01570681  2.00000000
     1335  0.01570681  1.08170417
     1336  0.01570681  1.08170417
     1337  0.01570681  1.08170417
     1338  0.01570681  1.08170417
     1339  0.01570681  1.08170417
     1340  0.01570681  1.08170417
     1341  0.01570681  2.00000000
     1342  0.01570681  1.08170417
     1343  0.01570681  2.00000000
     1344  0.01570681  2.00000000
     1345  0.01570681  2.00000000
     1346  0.01570681  2.00000000
     1347  0.00523560  2.00000000
     1348  0.00523560  2.00000000
     1349  0.00523560  2.00000000
     1350  0.00523560  2.00000000
     1351  0.00523560  2.00000000
     1352  0.00523560  2.00000000
     1353  0.00523560  2.00000000
     1354  0.00523560  2.00000000
     1355  0.00523560  2.00000000
     1356  0.00523560  2.00000000
     1357  0.00523560  2.00000000
     1358  0.01570681  2.00000000
     1359  0.01570681  2.00000000
     1360  0.01570681  1.08170417
     1361  0.01570681  1.08170417
     1362  0.01570681  1.08170417
     1363  0.01570681  1.08170417
     1364  0.01570681  1.08170417
     1365  0.01570681  1.08170417
     1366  0.01570681  2.00000000
     1367  0.01570681  2.00000000
     1368  0.01570681  2.00000000
     1369  0.01570681  1.08170417
     1370  0.01570681  2.00000000
     1371  0.01570681  1.08170417
     1372  0.01570681  1.08170417
     1373  0.01570681  0.41503750
     1374  0.01570681  2.00000000
     1375  0.01570681  2.00000000
     1376  0.01047120  2.00000000
     1377  0.01047120  2.00000000
     1378  0.01047120  2.00000000
     1379  0.01047120  2.00000000
     1380  0.01047120  2.00000000
     1381  0.01047120  2.00000000
     1382  0.01047120  2.00000000
     1383  0.01047120  2.00000000
     1384  0.44502618  1.83917698
     1385  0.44502618  1.11163698
     1386  0.44502618  1.52888632
     1387  0.44502618  1.72623083
     1388  0.44502618  1.00773095
     1389  0.42931937  1.62467438
     1390  0.43979058  1.77771517
     1391  0.43979058  2.00000000
     1392  0.44502618  0.85890110
     1393  0.44502618  1.68805304
     1394  0.44502618  1.74730629
     1395  0.44502618  1.74730629
     1396  0.44502618  1.77971673
     1397  0.44502618  1.14136292
     1398  0.44502618  1.77971673
     1399  0.43979058  1.18872188
     1400  0.44502618  2.00000000
     1401  0.44502618  1.90772275
     1402  0.44502618  1.77971673
     1403  0.44502618  2.00000000
     1404  0.95811518  1.02556764
     1405  0.96858639  0.85578378
     1406  0.96858639  1.91387838
     1407  0.96858639  0.66959275
     1408  0.96335079  0.43059644
     1409  0.96335079  0.84735617
     1410  0.96335079  1.00546132
     1411  0.96858639  0.54124024
     1412  0.96858639  1.95151259
     1413  0.95811518  1.64603270
     1414  0.96858639  1.38678824
     1415  0.96335079  0.96808914
     1416  0.96335079  1.87984561
     1417  0.95287958  1.79094019
     1418  0.95811518  1.75078203
     1419  0.95287958  0.95811224
     1420  0.95287958  1.00872849
     1421  0.94240838  0.59676002
     1422  0.93717277  0.72826844
     1423  0.01047120  2.00000000
     1424  0.01047120  2.00000000
     1425  0.96858639  1.88036725
     1426  0.96858639  2.00000000
     1427  0.96858639  1.82074393
     1428  0.97382199  0.96317465
     1429  0.96335079  0.82961978
     1430  0.96858639  1.74303034
     1431  0.96858639  0.87740540
     1432  0.96335079  2.00000000
     1433  0.95811518  1.74397814
     1434  0.96858639  1.54808976
     1435  0.96858639  2.00000000
     1436  0.95287958  1.00008711
     1437  0.96858639  2.00000000
     1438  0.96858639  0.90353622
     1439  0.52356021  1.91920686
     1440  0.52356021  1.80560814
     1441  0.52356021  1.80560814
     1442  0.51832461  2.00000000
     1443  0.52356021  1.91920686
     1444  0.52356021  1.36569045
     1445  0.52356021  2.00000000
     1446  0.52356021  1.36569045
     1447  0.51832461  0.85913131
     1448  0.52356021  2.00000000
     1449  0.52356021  2.00000000
     1450  0.52356021  1.63407635
     1451  0.52356021  1.80560814
     1452  0.51832461  2.00000000
     1453  0.51832461  1.38638098
     1454  0.49214660  1.21370957
     1455  0.49214660  1.03988134
     1456  0.49738220  1.48286451
     1457  0.50261780  1.83307242
     1458  0.51308901  1.33441994
     1459  0.51308901  1.43533042
     1460  0.52879581  1.91986395
     1461  0.52879581  1.77982381
     1462  0.51308901  2.00000000
     1463  0.51308901  1.85627383
     1464  0.51308901  1.80254700
     1465  0.52356021  0.97524327
     1466  0.52356021  2.00000000
     1467  0.49738220  2.00000000
     1468  0.49738220  1.91573757
     1469  0.49738220  1.91573757
     1470  0.49738220  1.70252775
     1471  0.52356021  2.00000000
     1472  0.52356021  1.72525669
     1473  0.52356021  1.91920686
     1474  0.51308901  1.43533042
     1475  0.52356021  1.80560814
     1476  0.52356021  2.00000000
     1477  0.50261780  1.40068576
     1478  0.50785340  1.80097623
     1479  0.50261780  1.62208353
     1480  0.52356021  1.75770781
     1481  0.46073298  2.00000000
     1482  0.46073298  1.84350894
     1483  0.46073298  1.00933507
     1484  0.52356021  1.71360304
     1485  0.52879581  1.83987075
     1486  0.51308901  1.75397742
     1487  0.50261780  1.70481826
     1488  0.49738220  1.28911321
     1489  0.51308901  1.32380254
     1490  0.52879581  1.85967273
     1491  0.52879581  1.32383726
     1492  0.52879581  1.63666809
     1493  0.53403141  1.76195020
     1494  0.53403141  2.00000000
     1495  0.53403141  1.37324886
     1496  0.53403141  1.76131549
     1497  0.53403141  1.63900643
     1498  0.52356021  2.00000000
     1499  0.52356021  2.00000000
     1500  0.53403141  1.62322564
     1501  0.53403141  2.00000000
     1502  0.53403141  1.20959831
     1503  0.52356021  2.00000000
     1504  0.51832461  2.00000000
     1505  0.51308901  1.85627383
     1506  0.49214660  2.00000000
     1507  0.96858639  1.35267875
     1508  0.96858639  1.91387838
     1509  0.97382199  1.09190781
     1510  0.95811518  0.61806715
     1511  0.95811518  1.78176157
     1512  0.96335079  1.01980336
     1513  0.95287958  0.95898904
     1514  0.95287958  1.00427255
     1515  0.95287958  1.90173040
     1516  0.95287958  0.96267552
     1517  0.97382199  1.83274179
     1518  0.97382199  0.90059754
     1519  0.97382199  1.01011536
     1520  0.96858639  1.00356489
     1521  0.96335079  0.92859146
     1522  0.96858639  1.84954884
     1523  0.96858639  1.00609975
     1524  0.96858639  1.88036725
     1525  0.96858639  2.00000000
     1526  0.96858639  0.96234980
     1527  0.97382199  0.87860938
     1528  0.95811518  0.95869999
     1529  0.95811518  1.76171099
     1530  0.44502618  2.00000000
     1531  0.44502618  2.00000000
     1532  0.43979058  1.72380457
     1533  0.44502618  2.00000000
     1534  0.01570681  2.00000000
     1535  0.01570681  2.00000000
     1536  0.01570681  2.00000000
     1537  0.01570681  1.08170417
     1538  0.01570681  2.00000000
     1539  0.01570681  2.00000000
     1540  0.01570681  1.08170417
     1541  0.01570681  2.00000000
     1542  0.01570681  2.00000000
     1543  0.01570681  2.00000000
     1544  0.01570681  2.00000000
     1545  0.01570681  2.00000000
     1546  0.01570681  2.00000000
     1547  0.01570681  2.00000000
     1548  0.01570681  2.00000000
     1549  0.01570681  2.00000000
     1550  0.01570681  2.00000000
     1551  0.01570681  2.00000000
     1552  0.01570681  2.00000000
     1553  0.01570681  2.00000000
     1554  0.01570681  2.00000000
     1555  0.01570681  2.00000000
     1556  0.01570681  2.00000000
     1557  0.01570681  2.00000000
     1558  0.01570681  2.00000000
     1559  0.01570681  2.00000000
     1560  0.00523560  2.00000000
     1561  0.00523560  2.00000000
     1562  0.00523560  2.00000000
     1563  0.00523560  2.00000000
     1564  0.00523560  2.00000000
     1565  0.00523560  2.00000000
     1566  0.00523560  2.00000000
     1567  0.00523560  2.00000000
     1568  0.00523560  2.00000000
     1569  0.00523560  2.00000000
     1570  0.00523560  2.00000000
     1571  0.00523560  2.00000000
     1572  0.01570681  2.00000000
     1573  0.01570681  2.00000000
     1574  0.01570681  2.00000000
     1575  0.01570681  2.00000000
     1576  0.01570681  2.00000000
     1577  0.01570681  2.00000000
     1578  0.01570681  2.00000000
     1579  0.01570681  2.00000000
     1580  0.01570681  2.00000000
     1581  0.01570681  2.00000000
     1582  0.01570681  2.00000000
     1583  0.01570681  1.08170417
     1584  0.01570681  2.00000000
     1585  0.01570681  2.00000000
     1586  0.01570681  2.00000000
     1587  0.01570681  2.00000000
     1588  0.01570681  2.00000000
     1589  0.01570681  2.00000000
     1590  0.01570681  2.00000000
     1591  0.01570681  2.00000000
     1592  0.01570681  2.00000000
     1593  0.01570681  2.00000000
     1594  0.01570681  2.00000000
     1595  0.01570681  2.00000000
     1596  0.01570681  2.00000000
     1597  0.01570681  2.00000000
     1598  0.01570681  2.00000000
     1599  0.01570681  2.00000000
     1600  0.01570681  2.00000000
     1601  0.01570681  2.00000000
     1602  0.00523560  2.00000000
     1603  0.01570681  2.00000000
     1604  0.01570681  2.00000000
     1605  0.01570681  2.00000000
     1606  0.01570681  2.00000000
     1607  0.01570681  2.00000000
     1608  0.01570681  2.00000000
     1609  0.01570681  2.00000000
     1610  0.01570681  2.00000000
     1611  0.01570681  2.00000000
     1612  0.01570681  2.00000000
     1613  0.01570681  2.00000000
     1614  0.01570681  2.00000000
     1615  0.01570681  2.00000000
     1616  0.44502618  2.00000000
     1617  0.44502618  1.77971673
     1618  0.44502618  1.83917698
     1619  0.44502618  1.72623083
     1620  0.44502618  1.77971673
     1621  0.44502618  2.00000000
     1622  0.95287958  1.84759300
     1623  0.95811518  1.87931899
     1624  0.96335079  0.96034997
     1625  0.95811518  0.89886820
     1626  0.95287958  1.84759300
     1627  0.96335079  0.72620880
     1628  0.96335079  0.48824073
     1629  0.96335079  1.87984561
     1630  0.89528796  0.60378460
     1631  0.90052356  0.94079656
     1632  0.87434555  1.77683815
     1633  0.96858639  0.93085579
     1634  0.96335079  0.90102894
     1635  0.97382199  0.85612672
     1636  0.97905759  1.95194799
     1637  0.97905759  1.88139585
     1638  0.97905759  1.91463265
     1639  0.96858639  0.95997169
     1640  0.94764398  1.50149051
     1641  0.96335079  1.00213168
     1642  0.96335079  1.87984561
     1643  0.95287958  1.73985464
     1644  0.97905759  1.60426242
     1645  0.97905759  1.60415451
     1646  0.97905759  0.77398784
     1647  0.97905759  0.85585700
     1648  0.97382199  1.72049445
     1649  0.96858639  1.91387838
     1650  0.97905759  1.01094000
     1651  0.98952880  1.55341877
     1652  0.98952880  1.82371017
     1653  0.98952880  1.36834905
     1654  0.98952880  0.66630177
     1655  0.97905759  0.81265212
     1656  0.52879581  1.53635826
     1657  0.01570681  1.08170417
     1658  0.01570681  2.00000000
     1659  0.01570681  2.00000000
     1660  0.98429319  1.95216255
     1661  0.98429319  1.00400394
     1662  0.98429319  1.82297876
     1663  0.97905759  1.00348898
     1664  0.98429319  0.87807223
     1665  0.97905759  1.59706755
     1666  0.97905759  0.96560729
     1667  0.97905759  1.77439830
     1668  0.97382199  1.31561405
     1669  0.96335079  1.63252505
     1670  0.94764398  1.91232552
     1671  0.97382199  0.87177925
     1672  0.52356021  1.49391721
     1673  0.47643979  1.28202583
     1674  0.68586387  1.12354545
     1675  0.90052356  0.47027254
     1676  0.93717277  0.42739317
     1677  0.84816754  0.48021642
     1678  0.97905759  0.88391650
     1679  0.97382199  0.74153381
     1680  0.97905759  1.49454204
     1681  0.97905759  0.73013056
     1682  0.98952880  1.68741388
     1683  0.98952880  1.65415880
     1684  0.98952880  0.81407256
     1685  0.98952880  0.96751447
     1686  0.97382199  1.91425732
     1687  0.98429319  0.89804706
     1688  0.98952880  1.88240533
     1689  0.56020942  1.61653587
     1690  0.56020942  0.66198725
     1691  0.56020942  1.63226325
     1692  0.56020942  1.81554814
     1693  0.56020942  1.59493731
     1694  0.56020942  1.12653693
     1695  0.56020942  0.29867918
     1696  0.56020942  2.00000000
     1697  0.56020942  1.78980152
     1698  0.56020942  1.78980152
     1699  0.56020942  1.65140314
     1700  0.56020942  1.54517632
     1701  0.56020942  1.00763713
     1702  0.56020942  1.65188816
     1703  0.56020942  1.72766409
     1704  0.56020942  1.72766409
     1705  0.54450262  1.92176753
     1706  0.53926702  1.71982185
     1707  0.55497382  1.17253892
     1708  0.55497382  1.68618704
     1709  0.55497382  2.00000000
     1710  0.54450262  1.72182899
     1711  0.54973822  2.00000000
     1712  0.55497382  2.00000000
     1713  0.55497382  1.54194834
     1714  0.54450262  1.31406848
     1715  0.55497382  1.30129965
     1716  0.98429319  0.19930316
     1717  0.98429319  1.63847236
     1718  0.98429319  0.93093024
     1719  0.85863874  1.03908211
     1720  0.96858639  0.53429559
     1721  0.97905759  0.96261137
     1722  0.97382199  0.53535340
     1723  0.98952880  1.27596054
     1724  0.98952880  0.69908116
     1725  0.98429319  1.72299116
     1726  0.98952880  1.77629044
     1727  0.98952880  1.19082513
     1728  0.98952880  0.65278696
     1729  0.01047120  2.00000000
     1730  0.02617801  1.27807191
     1731  0.02617801  2.00000000
     1732  0.02617801  2.00000000
     1733  0.03141361  1.34997758
     1734  0.03141361  0.74837083
     1735  0.03141361  1.34997758
     1736  0.03141361  2.00000000
     1737  0.03141361  1.34997758
     1738  0.56020942  1.23205986
     1739  0.56020942  1.19369338
     1740  0.56020942  1.68833801
     1741  0.55497382  2.00000000
     1742  0.56020942  2.00000000
     1743  0.56020942  1.86597020
     1744  0.56020942  1.00056712
     1745  0.56020942  1.57589554
     1746  0.56020942  1.55209214
     1747  0.55497382  1.49661904
     1748  0.55497382  1.69169615
     1749  0.55497382  1.19027509
     1750  0.55497382  1.54194834
     1751  0.55497382  1.72574936
     1752  0.55497382  1.84609587
     1753  0.55497382  1.18678999
     1754  0.53403141  1.57998567
     1755  0.56020942  1.51942970
     1756  0.56020942  1.86597020
     1757  0.56020942  2.00000000
     1758  0.53403141  1.71778237
     1759  0.56020942  1.72766409
     1760  0.56020942  1.72766409
     1761  0.55497382  1.46600477
     1762  0.55497382  1.76818695
     1763  0.55497382  1.54920861
     1764  0.55497382  1.68618704
     1765  0.55497382  1.02102129
     1766  0.55497382  0.93403798
     1767  0.54973822  1.76651029
     1768  0.55497382  0.93295150
     1769  0.55497382  1.54920861
     1770  0.55497382  1.55336332
     1771  0.56020942  1.15753609
     1772  0.56020942  1.72766409
     1773  0.56020942  1.86597020
     1774  0.55497382  1.81419692
     1775  0.56020942  1.72766409
     1776  0.56020942  0.97389791
     1777  0.56020942  1.54517632
     1778  0.54450262  1.16216450
     1779  0.56020942  1.12907612
     1780  0.56020942  1.61815320
     1781  0.54450262  1.21920686
     1782  0.54450262  1.72182899
     1783  0.53403141  1.71778237
     1784  0.53403141  1.71778237
     1785  0.53403141  1.42299575
     1786  0.53403141  1.07494597
     1787  0.53926702  1.71982185
     1788  0.53926702  1.92114399
     1789  0.56020942  1.02286597
     1790  0.54973822  1.51249624
     1791  0.56020942  2.00000000
     1792  0.56020942  1.51921572
     1793  0.55497382  1.53803752
     1794  0.56020942  0.94507878
     1795  0.56020942  1.65188816
     1796  0.56020942  1.42073454
     1797  0.56020942  1.36838018
     1798  0.56020942  1.86597020
     1799  0.56020942  2.00000000
     1800  0.56020942  1.09745344
     1801  0.56020942  2.00000000
     1802  0.56020942  2.00000000
     1803  0.56020942  1.68229257
     1804  0.54973822  1.07390082
     1805  0.56020942  1.57624572
     1806  0.56020942  0.95963124
     1807  0.55497382  1.81419692
     1808  0.55497382  1.33165529
     1809  0.53403141  2.00000000
     1810  0.06282723  0.67498879
     1811  0.53926702  1.34064611
     1812  0.53926702  1.64166633
     1813  0.53926702  1.81000924
     1814  0.54973822  1.92238049
     1815  0.54973822  1.13902861
     1816  0.54973822  1.26401562
     1817  0.04188482  0.70120506
     1818  0.53403141  1.54459704
     1819  0.53403141  1.09152195
     1820  0.52879581  0.50420760
     1821  0.52879581  1.83987075
     1822  0.52879581  1.77982381
     1823  0.52879581  1.01596953
     1824  0.53403141  1.56073972
     1825  0.53403141  1.18735254
     1826  0.01570681  2.00000000
     1827  0.01570681  2.00000000
     1828  0.01570681  2.00000000
     1829  0.01570681  2.00000000
     1830  0.01570681  2.00000000
     1831  0.01570681  2.00000000
     1832  0.48691099  1.38320417
     1833  0.48691099  1.76478505
     1834  0.48691099  1.69782638
     1835  0.08900524  1.67724304
     1836  0.08900524  0.83391294
     1837  0.09424084  1.23579549
     1838  0.09947644  0.81026808
     1839  0.09947644  0.89498600
     1840  0.09947644  1.40927608
     1841  0.09947644  0.54257512
     1842  0.09947644  1.40927608
     1843  0.10471204  1.18872188
     1844  0.52879581  1.03726581
     1845  0.52879581  1.62036557
     1846  0.55497382  1.72574936
     1847  0.55497382  0.82433713
     1848  0.56020942  1.68833801
     1849  0.56020942  1.58694896
     1850  0.56020942  1.24270746
     1851  0.56020942  1.36031965
     1852  0.56020942  0.82118093
     1853  0.52879581  1.52166673
     1854  0.52879581  2.00000000
     1855  0.52879581  1.34705031
     1856  0.52879581  1.66764285
     1857  0.50785340  1.22212750
     1858  0.50261780  2.00000000
     1859  0.49214660  1.64855118
     1860  0.54450262  0.74651712
     1861  0.54450262  1.68178470
     1862  0.54973822  1.72380457
     1863  0.54973822  1.81282374
     1864  0.54973822  1.81282374
     1865  0.45549738  1.01339324
     1866  0.97905759  1.95194799
     1867  0.97905759  0.96560729
     1868  0.97905759  1.91463265
     1869  0.98952880  1.68364173
     1870  0.98952880  0.38286967
     1871  0.98952880  0.90493713
     1872  0.90052356  0.83959068
     1873  0.93193717  1.52397671
     1874  0.92146597  0.47556089
     1875  0.93193717  0.95574333
     1876  0.93193717  0.69254501
     1877  0.92670157  0.82241882
     1878  0.81151832  0.80648243
     1879  0.93193717  1.73548263
     1880  0.93717277  1.76182122
     1881  0.93717277  1.78825382
     1882  0.93193717  1.15575531
     1883  0.97382199  0.78045585
     1884  0.97905759  1.88139585
     1885  0.97382199  1.72069084
     1886  0.97905759  0.88152926
     1887  0.98429319  1.00990079
     1888  0.98952880  1.90479072
     1889  0.97905759  0.87273991
     1890  0.98429319  0.65273889
     1891  0.98429319  0.77061041
     1892  0.00523560  2.00000000
     1893  0.00523560  2.00000000
     1894  0.00523560  2.00000000
     1895  0.00523560  2.00000000
     1896  0.00523560  2.00000000
     1897  0.00523560  2.00000000
     1898  0.00523560  2.00000000
     1899  0.00523560  2.00000000
     1900  0.00523560  2.00000000
     1901  0.45549738  2.00000000
     1902  0.45549738  1.41764287
     1903  0.45549738  1.78360307
     1904  0.45549738  1.03568840
     1905  0.45549738  1.68267610
     1906  0.45549738  1.42120538
     1907  0.45549738  1.68267610
     1908  0.45549738  0.82103797
     1909  0.45549738  0.82103797
     1910  0.45549738  1.06041238
     1911  0.45549738  1.68267610
     1912  0.45549738  1.63794875
     1913  0.45549738  1.46927728
     1914  0.45549738  1.73094470
     1915  0.45549738  2.00000000
     1916  0.03664921  2.00000000
     1917  0.02617801  2.00000000
     1918  0.02617801  2.00000000
     1919  0.02617801  2.00000000
     1920  0.02617801  2.00000000
     1921  0.02617801  2.00000000
     1922  0.02617801  2.00000000
     1923  0.02617801  2.00000000
     1924  0.02617801  2.00000000
     1925  0.02617801  2.00000000
     1926  0.02617801  2.00000000
     1927  0.02617801  2.00000000
     1928  0.02617801  2.00000000
     1929  0.02617801  2.00000000
     1930  0.02617801  2.00000000
     1931  0.02617801  2.00000000
     1932  0.95811518  0.92297152
     1933  0.95811518  0.49399638
     1934  0.95811518  1.03651763
     1935  0.02617801  2.00000000
     1936  0.02617801  2.00000000
     1937  0.02617801  2.00000000
     1938  0.02617801  2.00000000
     1939  0.02617801  2.00000000
     1940  0.02617801  2.00000000
     1941  0.94764398  0.71712636
     1942  0.43979058  1.83767382
     1943  0.94764398  0.45590809
     1944  0.95287958  1.82976271
     1945  0.95811518  1.95106860
     1946  0.95811518  0.95869999
     1947  0.00523560  2.00000000
     1948  0.00523560  2.00000000
     1949  0.00523560  2.00000000
     1950  0.00523560  2.00000000
     1951  0.96335079  0.91384046
     1952  0.62303665  1.80707968
     1953  0.94764398  1.79772298
     1954  0.96335079  0.95726211
     1955  0.94240838  1.45458396
     1956  0.78534031  0.56507859
     1957  0.89005236  1.75677477
     1958  0.43455497  0.41983857
     1959  0.43455497  1.90591556
     1960  0.94764398  1.25533711
     1961  0.95287958  0.96425739
     1962  0.95287958  1.63960818
     1963  0.95287958  1.55109526
     1964  0.95811518  0.43742964
     1965  0.53926702  1.65327085
     1966  0.96335079  0.93897665
     1967  0.96335079  0.55375899
     1968  0.85340314  1.29557425
     1969  0.96335079  1.76675145
     1970  0.96335079  1.71823842
     1971  0.96335079  0.90763887
     1972  0.96335079  2.00000000
     1973  0.96335079  1.87984561
     1974  0.95287958  1.86365055
     1975  0.95811518  1.01819159
     1976  0.96335079  1.73391534
     1977  0.98429319  1.68630713
     1978  0.98952880  1.61172326
     1979  0.98952880  0.88194945
     1980  0.98429319  1.00400394
     1981  0.98429319  1.00073486
     1982  0.97382199  0.69034449
     1983  0.97905759  0.56428812
     1984  0.97382199  0.77856701
     1985  0.46596859  1.78734136
     1986  0.97382199  1.80208907
     1987  0.98429319  1.88190294
     1988  0.97382199  1.61471488
     1989  0.97382199  1.33356065
     1990  0.97382199  0.96317465
     1991  0.97382199  1.65044515
     1992  0.51308901  2.00000000
     1993  0.52879581  1.80709993
     1994  0.52879581  2.00000000
     1995  0.52879581  2.00000000
     1996  0.52879581  2.00000000
     1997  0.52879581  2.00000000
     1998  0.53403141  2.00000000
     1999  0.52879581  2.00000000
     2000  0.53403141  2.00000000
     2001  0.53403141  2.00000000
     2002  0.53403141  2.00000000
     2003  0.53403141  2.00000000
     2004  0.51832461  2.00000000
     2005  0.53403141  2.00000000
     2006  0.53403141  2.00000000
     2007  0.53403141  1.59141081
     2008  0.53403141  1.43285542
     2009  0.52879581  2.00000000
     2010  0.53403141  2.00000000
     2011  0.53403141  2.00000000
     2012  0.53403141  2.00000000
     2013  0.52356021  1.91920686
     2014  0.53403141  1.92050956
     2015  0.53403141  1.92050956
     2016  0.53403141  2.00000000
     2017  0.53403141  2.00000000
     2018  0.52879581  2.00000000
     2019  0.53403141  2.00000000
     2020  0.53403141  1.86076700
     2021  0.53403141  2.00000000
     2022  0.52879581  2.00000000
     2023  0.52879581  2.00000000
     2024  0.53403141  2.00000000
     2025  0.53403141  1.92050956
     2026  0.53403141  2.00000000
     2027  0.52879581  1.83987075
     2028  0.52879581  1.85967273
     2029  0.53403141  1.67724304
     2030  0.52356021  1.55433565
     2031  0.52879581  2.00000000
     2032  0.52879581  1.91986395
     2033  0.51832461  1.71146149
     2034  0.52879581  2.00000000
     2035  0.97905759  1.51032724
     2036  0.97905759  0.78283076
     2037  0.97905759  0.83864479
     2038  0.97905759  0.97136124
     2039  0.97905759  0.77024177
     2040  0.97905759  1.76316907
     2041  0.97905759  0.86417571
     2042  0.97905759  1.91463265
     2043  0.98952880  1.61172326
     2044  0.98429319  1.09666506
     2045  0.98429319  1.69085369
     2046  0.98429319  1.72299116
     2047  0.98952880  0.98126406
     2048  0.98952880  1.80461154
     2049  0.98952880  0.91996990
     2050  0.98952880  1.68741388
     2051  0.98952880  0.86716629
     2052  0.98952880  1.68741388
     2053  0.00523560  2.00000000
     2054  0.00523560  2.00000000
     2055  0.00523560  2.00000000
     2056  0.00523560  2.00000000
     2057  0.00523560  2.00000000
     2058  0.00523560  2.00000000
     2059  0.31937173  1.67193312
     2060  0.31937173  0.71472515
     2061  0.31937173  2.00000000
     2062  0.31937173  1.47228602
     2063  0.31937173  1.48590872
     2064  0.01047120  2.00000000
     2065  0.01047120  1.00000000
     2066  0.01047120  2.00000000
     2067  0.01047120  2.00000000
     2068  0.53403141  1.86076700
     2069  0.54450262  1.92176753
     2070  0.54450262  1.05293776
     2071  0.98952880  1.53467577
     2072  0.98952880  1.00454842
     2073  0.90575916  1.32776932
     2074  0.97905759  0.78298691
     2075  0.96858639  1.11621996
     2076  0.98429319  1.48235567
     2077  0.98429319  0.35487340
     2078  0.98952880  0.31871790
     2079  0.98952880  1.41956376
     2080  0.98952880  0.63752510
     2081  0.97382199  0.67634178
     2082  0.97382199  1.13287863
     2083  0.97382199  0.84362612
     2084  0.96335079  0.81266120
     2085  0.96335079  1.49003487
     2086  0.96335079  0.59837669
     2087  0.96858639  1.95151259
     2088  0.96858639  1.90306757
     2089  0.97382199  1.90350463
     2090  0.97382199  1.01640918
     2091  0.97382199  0.80949043
     2092  0.97382199  0.96468881
     2093  0.02617801  2.00000000
     2094  0.02617801  2.00000000
     2095  0.02617801  2.00000000
     2096  0.02617801  2.00000000
     2097  0.02617801  2.00000000
     2098  0.52879581  1.63630261
     2099  0.51832461  1.83722465
     2100  0.20942408  2.00000000
     2101  0.01570681  2.00000000
     2102  0.01570681  2.00000000
     2103  0.01570681  2.00000000
     2104  0.01570681  1.08170417
     2105  0.01570681  2.00000000
     2106  0.97382199  0.49728878
     2107  0.97382199  1.95173135
     2108  0.98952880  0.53030476
     2109  0.98952880  0.58442887
     2110  0.98952880  1.52718133
     2111  0.96335079  0.57014265
     2112  0.01047120  1.00000000
     2113  0.94764398  1.64077721
     2114  0.96335079  0.39636231
     2115  0.96858639  1.38180339
     2116  0.97382199  1.49138867
     2117  0.96858639  1.00762209
     2118  0.97382199  1.72049445
     2119  0.97382199  1.01204350
     2120  0.93717277  1.73659082
     2121  0.93717277  1.01647498
     2122  0.93717277  1.01411690
     2123  0.97382199  1.00208607
     2124  0.96858639  0.96379493
     2125  1.00000000  0.91726048
     2126  1.00000000  1.75273064
     2127  1.00000000  0.97150894
     2128  1.00000000  0.85969774
     2129  1.00000000  1.56374794
     2130  1.00000000  0.85792033
     2131  1.00000000  1.00334426
     2132  1.00000000  1.77328784
     2133  1.00000000  1.75160350
     2134  1.00000000  1.00445356
     2135  1.00000000  1.86897276
     2136  1.00000000  0.83736401
     2137  1.00000000  0.72380464
     2138  0.99476440  1.02055934
     2139  0.96335079  2.00000000
     2140  0.96335079  0.81868443
     2141  0.53403141  1.92050956
     2142  0.97382199  2.00000000
     2143  1.00000000  1.48464510
     2144  1.00000000  1.00334426
     2145  0.97905759  1.67724304
     2146  0.97905759  1.91463265
     2147  0.97905759  1.01094000
     2148  0.96335079  1.82716390
     2149  0.97382199  1.76866113
     2150  0.98429319  0.78005808
     2151  0.97905759  1.00167153
     2152  0.97905759  0.76948145
     2153  0.98429319  0.90253208
     2154  0.98429319  0.77785925
     2155  0.98952880  0.79556482
     2156  0.98429319  0.81390612
     2157  1.00000000  0.98692694
     2158  0.99476440  1.82443497
     2159  0.99476440  1.42914154
     2160  0.98952880  0.71054241
     2161  0.98952880  1.77146186
     2162  0.99476440  1.41097737
     2163  0.90052356  0.92062104
     2164  0.90575916  0.95536338
     2165  0.90575916  1.94871014
     2166  0.90052356  1.11300816
     2167  1.00000000  1.83631019
     2168  0.99476440  0.49996036
     2169  1.00000000  1.54858767
     2170  1.00000000  0.81816350
     2171  1.00000000  0.81289483
     2172  0.99476440  1.54787986
     2173  0.99476440  0.96511260
     2174  0.98952880  1.01070912
     2175  0.98952880  1.70221197
     2176  0.55497382  1.27076631
     2177  0.55497382  0.58800539
     2178  0.56020942  1.55209214
     2179  0.52356021  1.91920686
     2180  0.52879581  2.00000000
     2181  0.52879581  0.83942815
     2182  0.51832461  2.00000000
     2183  0.51832461  1.91853797
     2184  0.51832461  1.91853797
     2185  0.51832461  0.69906459
     2186  0.00523560  2.00000000
     2187  0.57068063  1.54728007
     2188  0.57068063  1.58163993
     2189  0.57068063  2.00000000
     2190  0.57068063  1.65602549
     2191  0.57068063  1.65602549
     2192  0.57068063  1.65602549
     2193  0.57068063  1.92473173
     2194  0.57068063  1.92473173
     2195  0.56544503  1.65373143
     2196  0.57068063  1.65602549
     2197  0.57068063  1.65602549
     2198  0.57068063  1.61802815
     2199  0.57068063  1.65602549
     2200  0.57068063  1.60059572
     2201  0.99476440  0.81672391
     2202  0.99476440  0.81672391
     2203  0.99476440  1.72525023
     2204  0.99476440  0.76017599
     2205  0.99476440  1.68868960
     2206  0.98952880  0.80858278
     2207  0.98952880  1.61905341
     2208  0.98429319  1.77053663
     2209  0.98429319  1.25969374
     2210  0.98429319  1.91500444
     2211  0.99476440  1.75058042
     2212  0.99476440  1.90521126
     2213  1.00000000  1.73718001
     2214  1.00000000  0.76656139
     2215  1.00000000  1.95279403
     2216  1.00000000  1.00334426
     2217  1.00000000  1.86897276
     2218  1.00000000  1.95279403
     2219  0.01570681  2.00000000
     2220  0.03141361  2.00000000
     2221  0.03141361  2.00000000
     2222  0.03141361  2.00000000
     2223  0.03141361  2.00000000
     2224  0.03141361  2.00000000
     2225  0.03141361  2.00000000
     2226  0.03141361  2.00000000
     2227  0.03664921  1.40832722
     2228  0.03664921  1.40832722
     2229  0.03664921  2.00000000
     2230  0.03664921  2.00000000
     2231  0.03664921  2.00000000
     2232  0.03664921  2.00000000
     2233  0.03664921  2.00000000
     2234  0.03664921  2.00000000
     2235  0.03664921  2.00000000
     2236  0.03664921  0.85116515
     2237  0.03664921  2.00000000
     2238  0.03664921  2.00000000
     2239  0.03664921  1.40832722
     2240  0.03141361  2.00000000
     2241  0.03664921  1.01477186
     2242  0.03141361  2.00000000
     2243  0.03141361  2.00000000
     2244  0.03141361  2.00000000
     2245  0.03141361  2.00000000
     2246  0.03141361  2.00000000
     2247  0.03664921  2.00000000
     2248  0.03664921  2.00000000
     2249  0.03664921  2.00000000
     2250  0.03664921  2.00000000
     2251  0.03664921  2.00000000
     2252  0.03664921  2.00000000
     2253  0.03664921  2.00000000
     2254  0.03664921  2.00000000
     2255  0.03664921  2.00000000
     2256  0.03664921  2.00000000
     2257  0.03664921  2.00000000
     2258  0.03664921  2.00000000
     2259  0.03664921  2.00000000
     2260  0.03664921  2.00000000
     2261  0.03664921  2.00000000
     2262  0.03664921  2.00000000
     2263  0.03664921  2.00000000
     2264  0.03664921  2.00000000
     2265  0.03664921  2.00000000
     2266  0.03664921  2.00000000
     2267  0.03664921  2.00000000
     2268  0.03664921  2.00000000
     2269  0.03664921  2.00000000
     2270  0.03664921  2.00000000
     2271  0.03664921  2.00000000
     2272  0.03664921  2.00000000
     2273  0.03664921  1.13687943
     2274  0.03664921  1.13687943
     2275  0.03664921  1.13687943
     2276  0.02617801  2.00000000
     2277  0.02617801  2.00000000
     2278  0.02617801  2.00000000
     2279  0.02617801  2.00000000
     2280  0.44502618  1.77971673
     2281  0.45026178  2.00000000
     2282  0.45026178  2.00000000
     2283  0.46596859  2.00000000
     2284  0.46596859  2.00000000
     2285  0.46596859  2.00000000
     2286  0.46596859  2.00000000
     2287  0.46596859  2.00000000
     2288  0.46596859  1.03312984
     2289  0.46596859  2.00000000
     2290  0.46596859  2.00000000
     2291  0.46596859  1.60258959
     2292  1.00000000  1.32429470
     2293  1.00000000  1.53266625
     2294  1.00000000  1.68995394
     2295  1.00000000  1.95279403
     2296  1.00000000  0.81816350
     2297  0.98952880  1.00163633
     2298  0.98952880  1.77146186
     2299  0.99476440  1.54679141
     2300  1.00000000  1.77328784
     2301  1.00000000  0.97150894
     2302  0.98429319  1.59857095
     2303  0.98429319  2.00000000
     2304  0.98429319  1.61761932
     2305  0.98429319  0.88292888
     2306  0.98429319  0.96836351
     2307  0.98429319  0.95996587
     2308  0.99476440  1.01154039
     2309  0.99476440  0.70953505
     2310  0.00523560  2.00000000
     2311  0.53403141  1.92050956
     2312  0.53926702  1.68477680
     2313  0.53403141  2.00000000
     2314  0.57068063  2.00000000
     2315  1.00000000  0.81816350
     2316  1.00000000  1.77328784
     2317  1.00000000  2.00000000
     2318  1.00000000  0.82849272
     2319  1.00000000  0.97367034
     2320  1.00000000  2.00000000
     2321  1.00000000  0.74114558
     2322  1.00000000  1.01446309
     2323  0.03664921  2.00000000
     2324  0.03664921  0.62121651
     2325  0.03664921  1.13687943
     2326  0.03664921  0.85116515
     2327  0.03664921  1.01477186
     2328  0.03664921  1.13687943
     2329  0.03664921  2.00000000
     2330  0.03664921  1.01477186
     2331  0.03664921  2.00000000
     2332  0.03664921  0.62121651
     2333  0.03664921  2.00000000
     2334  0.03664921  2.00000000
     2335  0.03664921  1.01477186
     2336  0.03664921  2.00000000
     2337  0.03664921  2.00000000
     2338  0.03664921  1.40832722
     2339  0.03664921  2.00000000
     2340  0.03664921  1.40832722
     2341  0.03664921  1.40832722
     2342  0.03664921  2.00000000
     2343  0.03664921  2.00000000
     2344  0.03664921  0.85116515
     2345  0.03664921  2.00000000
     2346  0.03664921  2.00000000
     2347  0.03664921  2.00000000
     2348  0.03664921  2.00000000
     2349  0.03664921  1.40832722
     2350  0.03664921  1.40832722
     2351  0.03664921  2.00000000
     2352  0.03664921  2.00000000
     2353  0.03664921  2.00000000
     2354  0.03141361  2.00000000
     2355  1.00000000  0.92059981
     2356  1.00000000  1.75160350
     2357  0.99476440  0.71324948
     2358  1.00000000  1.00334426
     2359  0.99476440  0.87766830
     2360  1.00000000  0.66863947
     2361  1.00000000  1.91609902
     2362  1.00000000  1.83631019
     2363  0.98952880  1.05749263
     2364  0.98952880  1.91537273
     2365  0.98429319  1.00294094
     2366  0.93717277  2.00000000
     2367  0.93717277  1.00110343
     2368  0.96335079  1.91349579
     2369  0.98429319  0.66741733
     2370  0.98429319  0.81390612
     2371  0.96335079  1.76675145
     2372  0.95811518  2.00000000
     2373  0.95811518  0.95731292
     2374  0.97382199  1.25572135
     2375  0.97382199  0.49541064
     2376  0.98952880  1.59663222
     2377  0.98952880  0.81530450
     2378  1.00000000  0.83900360
     2379  1.00000000  1.66143282
     2380  1.00000000  1.77328784
     2381  1.00000000  1.58467559
     2382  1.00000000  1.85330030
     2383  1.00000000  1.77328784
     2384  1.00000000  1.00334426
     2385  1.00000000  2.00000000
     2386  1.00000000  0.81659796
     2387  1.00000000  0.81659796
     2388  1.00000000  1.88339626
     2389  0.98952880  1.35119409
     2390  0.98429319  0.67937719
     2391  0.98952880  0.78864580
     2392  0.98429319  0.77111918
     2393  0.98952880  0.96286950
     2394  0.58638743  1.57081924
     2395  0.99476440  0.88876612
     2396  1.00000000  0.70072304
     2397  1.00000000  0.29025245
     2398  1.00000000  0.73654785
     2399  0.99476440  1.48286451
     2400  0.99476440  0.96366188
     2401  0.97382199  0.95880639
     2402  0.99476440  0.83602548
     2403  0.52879581  2.00000000
     2404  0.52879581  1.32383726
     2405  0.53403141  1.92050956
     2406  0.53403141  1.76131549
     2407  0.53403141  1.68239373
     2408  0.51308901  1.52456835
     2409  0.51308901  1.91785695
     2410  0.51308901  1.19236875
     2411  0.46073298  1.68778047
     2412  0.46596859  1.58188761
     2413  0.51308901  1.62876767
     2414  0.52879581  1.52501918
     2415  0.08376963  1.45643556
     2416  0.50261780  1.66721784
     2417  0.52356021  2.00000000
     2418  0.52356021  1.75770781
     2419  0.53403141  1.80856675
     2420  0.53403141  1.80856675
     2421  0.53403141  1.44959418
     2422  0.51308901  1.03666445
     2423  0.53403141  1.29618475
     2424  0.52356021  2.00000000
     2425  0.52356021  2.00000000
     2426  0.52356021  1.91920686
     2427  0.51308901  0.88159481
     2428  0.52356021  1.36378866
     2429  0.52356021  1.71360304
     2430  0.51832461  1.67500047
     2431  0.49214660  1.65753623
     2432  0.49214660  1.53381810
     2433  0.49214660  1.21500791
     2434  0.49214660  0.71727147
     2435  0.01570681  2.00000000
     2436  0.04188482  0.93872188
     2437  0.04712042  1.49674167
     2438  0.33507853  1.88388492
     2439  0.01047120  1.00000000
     2440  0.33507853  1.88388492
     2441  0.39267016  1.00012824
     2442  0.50785340  1.07245883
     2443  0.53403141  1.47744063
     2444  0.53403141  0.92315678
     2445  0.53403141  2.00000000
     2446  0.53403141  1.53725094
     2447  0.53403141  1.76131549
     2448  0.53403141  1.80856675
     2449  0.53403141  1.86076700
     2450  0.97905759  1.88139585
     2451  0.97905759  1.76960309
     2452  0.97382199  1.72069084
     2453  0.97382199  0.83379730
     2454  0.97905759  1.86666383
     2455  0.93193717  0.95941009
     2456  0.97905759  0.96402559
     2457  0.97905759  1.00596979
     2458  0.97905759  1.88139585
     2459  0.98952880  1.69983989
     2460  0.98429319  1.65398915
     2461  1.00000000  1.00873765
     2462  1.00000000  1.00445356
     2463  1.00000000  0.53586851
     2464  0.98952880  1.74954805
     2465  1.00000000  1.00873765
     2466  1.00000000  0.94844308
     2467  1.00000000  1.68219057
     2468  1.00000000  0.51294544
     2469  0.99476440  1.79775058
     2470  1.00000000  1.72636465
     2471  0.97905759  1.20890050
     2472  0.99476440  0.61767278
     2473  0.99476440  0.41401949
     2474  1.00000000  1.70468031
     2475  1.00000000  0.78653080
     2476  1.00000000  2.00000000
     2477  1.00000000  0.66846681
     2478  1.00000000  0.70576570
     2479  0.99476440  0.96028068
     2480  0.98952880  0.68429239
     2481  0.93717277  0.76801768
     2482  0.93193717  0.92567453
     2483  1.00000000  1.64134744
     2484  0.99476440  1.43570302
     2485  0.99476440  1.56196060
     2486  0.95811518  1.95106860
     2487  0.95811518  1.71304314
     2488  0.98952880  1.72380457
     2489  0.98952880  2.00000000
     2490  0.98952880  0.93055191
     2491  0.98429319  0.89887691
     2492  0.96335079  0.92048632
     2493  0.96335079  0.79849544
     2494  0.94240838  0.71932903
     2495  0.02617801  2.00000000
     2496  0.04188482  2.00000000
     2497  0.04712042  2.00000000
     2498  0.04712042  2.00000000
     2499  0.05759162  2.00000000
     2500  0.10994764  1.08170417
     2501  0.22513089  1.63494481
     2502  0.46073298  1.91029661
     2503  0.46596859  1.91112030
     2504  0.47120419  1.78915770
     2505  0.46596859  2.00000000
     2506  0.46596859  2.00000000
     2507  0.46596859  1.12591643
     2508  0.46073298  0.62509689
     2509  0.46073298  0.88210819
     2510  0.46073298  1.17726013
     2511  0.04712042  2.00000000
     2512  0.04188482  1.45643556
     2513  0.04188482  2.00000000
     2514  0.04188482  1.04556600
     2515  0.03664921  2.00000000
     2516  0.04188482  2.00000000
     2517  0.04188482  0.70120506
     2518  0.03141361  0.74837083
     2519  0.03141361  1.34997758
     2520  0.03141361  2.00000000
     2521  0.03141361  1.08170417
     2522  0.03141361  2.00000000
     2523  0.03141361  1.08170417
     2524  0.03141361  1.34997758
     2525  0.03141361  2.00000000
     2526  0.03141361  1.08170417
     2527  0.03141361  1.08170417
     2528  0.03141361  0.54085208
     2529  0.01047120  2.00000000
     2530  0.01047120  1.00000000
     2531  0.01047120  1.00000000
     2532  0.01047120  2.00000000
     2533  0.01047120  1.00000000
     2534  0.01570681  2.00000000
     2535  0.01570681  2.00000000
     2536  0.00523560  2.00000000
     2537  0.00523560  2.00000000
     2538  0.00523560  2.00000000
     2539  0.00523560  2.00000000
     2540  0.00523560  2.00000000
     2541  0.00523560  2.00000000
     2542  0.00523560  2.00000000
     2543  0.01047120  2.00000000
     2544  0.01047120  2.00000000
     2545  0.01047120  2.00000000
     2546  0.01047120  2.00000000
     2547  0.01047120  2.00000000
     2548  0.01047120  2.00000000
     2549  0.01047120  2.00000000
     2550  0.01047120  2.00000000
     2551  0.01047120  2.00000000
     2552  0.39267016  1.27807191
     2553  0.39267016  0.94931668
     2554  0.39267016  1.11695682
     2555  0.39267016  1.14443809
     2556  0.41884817  1.39781111
     2557  0.41884817  1.52015900
     2558  0.41884817  1.45643556
     2559  0.42931937  1.67923166
     2560  0.42408377  1.02097683
     2561  0.44502618  1.72623083
     2562  0.52356021  1.28412115
     2563  0.52879581  1.47695232
     2564  0.50261780  1.32634528
     2565  0.50261780  2.00000000
     2566  0.48167539  1.91349579
     2567  0.48167539  1.67676394
     2568  0.48691099  1.16754413
     2569  0.93717277  0.88183012
     2570  0.93717277  1.91152602
     2571  0.95811518  1.20423350
     2572  0.95287958  0.42400569
     2573  0.95811518  0.57181762
     2574  0.74345550  1.19940656
     2575  0.56020942  1.24270746
     2576  0.98429319  1.44360920
     2577  0.98429319  1.08529116
     2578  0.97382199  0.51355830
     2579  0.97905759  0.53414360
     2580  0.70157068  0.86232218
     2581  0.94240838  0.95868605
     2582  0.82198953  1.54691274
     2583  0.97905759  1.19890298
     2584  0.98952880  1.66550007
     2585  0.98952880  1.43255283
     2586  0.98952880  1.68364173
     2587  1.00000000  0.78247387
     2588  1.00000000  0.85946891
     2589  1.00000000  1.40967494
     2590  0.97905759  0.97361702
     2591  0.96335079  0.94384054
     2592  0.98429319  0.96490167
     2593  0.96858639  0.66032482
     2594  0.96335079  1.63252505
     2595  0.97382199  1.57223908
     2596  0.97382199  1.00300457
     2597  0.95811518  1.00260789
     2598  0.95287958  0.87527896
     2599  0.98952880  0.55676755
     2600  0.98952880  0.94318895
     2601  0.98429319  1.95216255
     2602  0.52879581  1.91986395
     2603  0.53403141  1.84115916
     2604  0.52879581  1.91986395
     2605  0.52356021  0.51446927
     2606  0.52879581  1.36949376
     2607  0.52356021  1.91920686
     2608  0.52356021  2.00000000
     2609  0.49738220  1.40366006
     2610  0.52879581  1.56651154
     2611  0.52879581  1.77982381
     2612  0.52879581  1.85967273
     2613  0.53403141  1.63921943
     2614  0.52356021  1.72525669
     2615  0.53403141  1.92050956
     2616  0.53403141  1.92050956
     2617  0.52356021  2.00000000
     2618  0.52356021  1.85855946
     2619  0.52356021  1.75805927
     2620  0.52356021  0.52603398
     2621  0.95287958  0.79052351
     2622  0.95287958  1.87878729
     2623  0.95287958  1.95084330
     2624  0.89005236  1.85577740
     2625  0.86910995  0.81279558
     2626  0.89005236  0.91989161
     2627  0.89528796  0.53078388
     2628  0.90575916  1.62521261
     2629  0.79581152  1.89893304
     2630  0.88481675  1.03927447
     2631  0.88481675  0.91934242
     2632  0.88481675  2.00000000
     2633  0.86387435  0.77895514
     2634  0.84816754  0.51973662
     2635  0.95811518  0.97492653
     2636  0.95811518  0.45075824
     2637  0.94764398  0.79551894
     2638  0.93717277  0.38116416
     2639  0.96858639  1.55889129
     2640  0.98429319  1.67874991
     2641  0.98429319  0.88422325
     2642  0.98429319  0.86919032
     2643  1.00000000  1.48437435
     2644  1.00000000  1.90562781
     2645  0.99476440  1.59825847
     2646  0.99476440  1.10025624
     2647  0.99476440  0.90133665
     2648  0.98952880  1.70136766
     2649  0.98952880  1.00584394
     2650  0.98952880  0.75908081
     2651  0.99476440  0.54634963
     2652  0.97905759  0.70441002
     2653  0.98429319  1.91500444
     2654  0.98952880  1.01265827
     2655  0.98952880  0.19068418
     2656  0.98952880  0.68324372
     2657  1.00000000  1.88339626
     2658  1.00000000  1.51624312
     2659  1.00000000  0.93379609
     2660  1.00000000  0.81203342
     2661  0.98429319  0.57094939
     2662  1.00000000  1.40841225
     2663  0.84293194  0.58194932
     2664  0.53926702  1.78326276
     2665  0.98952880  1.08052567
     2666  0.98429319  1.42685070
     2667  0.98952880  0.75434041
     2668  0.98952880  0.60004373
     2669  0.98952880  0.83139848
     2670  0.98952880  0.93186136
     2671  0.98952880  1.14593164
     2672  0.98429319  0.84970979
     2673  0.97905759  0.63981141
     2674  0.97905759  0.52539812
     2675  0.97905759  1.90393747
     2676  0.97905759  0.87983615
     2677  0.98429319  1.67849588
     2678  0.96858639  1.00002108
     2679  0.98952880  0.89192597
     2680  0.98952880  1.77146186
     2681  0.98952880  1.07650380
     2682  0.98952880  1.76518004
     2683  0.98952880  1.07650380
     2684  0.67539267  1.50619892
     2685  0.67539267  1.06018455
     2686  0.67539267  0.19798731
     2687  0.23560209  2.00000000
     2688  0.50785340  1.22409573
     2689  0.56020942  1.53718797
     2690  0.55497382  1.46256583
     2691  0.56020942  1.57624572
     2692  0.55497382  1.36478845
     2693  0.55497382  1.04384498
     2694  0.55497382  1.57295737
     2695  0.54450262  1.56694379
     2696  0.54973822  1.41666804
     2697  0.54973822  1.78658672
     2698  0.55497382  1.60996710
     2699  0.56544503  1.50359348
     2700  0.56544503  1.52284638
     2701  0.56544503  0.57320806
     2702  0.56544503  1.81687793
     2703  0.57068063  1.61802815
     2704  0.57068063  1.54728007
     2705  0.57068063  1.62153457
     2706  0.57068063  1.52573406
     2707  0.57068063  1.65602549
     2708  0.55497382  1.64939331
     2709  0.55497382  2.00000000
     2710  0.55497382  1.67994980
     2711  0.55497382  1.58076700
     2712  0.55497382  1.06696287
     2713  0.56020942  1.09318726
     2714  0.56544503  1.55895874
     2715  0.56544503  1.69045657
     2716  0.56544503  1.42391769
     2717  0.57068063  2.00000000
     2718  0.03664921  1.01477186
     2719  0.03664921  2.00000000
     2720  0.03664921  1.01477186
     2721  0.03664921  2.00000000
     2722  0.03664921  2.00000000
     2723  0.03664921  2.00000000
     2724  0.03141361  1.34997758
     2725  0.03141361  1.34997758
     2726  0.99476440  1.00287931
     2727  0.99476440  1.91573757
     2728  0.99476440  1.68868960
     2729  0.99476440  0.75768969
     2730  0.99476440  0.66457516
     2731  1.00000000  1.88339626
     2732  1.00000000  1.00572203
     2733  1.00000000  1.82515326
     2734  1.00000000  0.95718302
     2735  0.97905759  0.73330276
     2736  1.00000000  0.68463387
     2737  0.97905759  0.93454307
     2738  1.00000000  0.96767186
     2739  0.99476440  0.91864756
     2740  0.99476440  0.68771638
     2741  0.93193717  1.66479065
     2742  0.98429319  1.18329127
     2743  0.58115183  1.49031296
     2744  0.57068063  1.40989665
     2745  0.57068063  1.30344764
     2746  0.57068063  1.22934983
     2747  0.57068063  1.22057485
     2748  0.58115183  1.06436463
     2749  0.97382199  1.69782638
     2750  0.97905759  1.36466798
     2751  0.98429319  0.96155831
     2752  0.86910995  0.18695618
     2753  0.69109948  0.72213229
     2754  0.78010471  0.59052748
     2755  0.76963351  0.70724970
     2756  0.75916230  0.47246979
     2757  0.74869110  0.41647550
     2758  0.96335079  0.60544594
     2759  0.96858639  0.67122059
     2760  0.97905759  1.62966004
     2761  0.98429319  0.82018703
     2762  0.98429319  0.63942986
     2763  0.98429319  0.76897581
     2764  0.53403141  1.92050956
     2765  0.50261780  2.00000000
     2766  0.53403141  1.86076700
     2767  0.53403141  2.00000000
     2768  0.53403141  1.86076700
     2769  0.53403141  1.72950066
     2770  0.53403141  0.94217978
     2771  0.53403141  1.78155804
     2772  0.53403141  1.92050956
     2773  0.53403141  0.97453427
     2774  0.53403141  1.67018675
     2775  0.53403141  1.80856675
     2776  0.52356021  1.56511038
     2777  0.43979058  1.54628366
     2778  0.20418848  1.03876340
     2779  0.20942408  2.00000000
     2780  0.20942408  2.00000000
     2781  0.20942408  2.00000000
     2782  0.20942408  2.00000000
     2783  0.20942408  1.45643556
     2784  0.20942408  2.00000000
     2785  0.20942408  1.53100441
     2786  0.20942408  2.00000000
     2787  0.20942408  2.00000000
     2788  0.20942408  1.61568846
     2789  0.20942408  2.00000000
     2790  0.20942408  1.83133907
     2791  0.20942408  2.00000000
     2792  0.20418848  1.38061781
     2793  0.20942408  2.00000000
     2794  0.20942408  2.00000000
     2795  0.20942408  2.00000000
     2796  0.20942408  2.00000000
     2797  0.20942408  1.53100441
     2798  0.20942408  2.00000000
     2799  0.20942408  2.00000000
     2800  0.20942408  2.00000000
     2801  0.20942408  2.00000000
     2802  0.20942408  1.71360304
     2803  0.20942408  2.00000000
     2804  0.20942408  2.00000000
     2805  0.20942408  2.00000000
     2806  0.20942408  1.61568846
     2807  0.20942408  2.00000000
     2808  0.20942408  2.00000000
     2809  0.20942408  1.83133907
     2810  0.20418848  2.00000000
     2811  0.20418848  1.70818174
     2812  0.02617801  2.00000000
     2813  0.20418848  1.44750489
     2814  0.20418848  1.82796305
     2815  0.20418848  2.00000000
     2816  0.20418848  2.00000000
     2817  0.20418848  1.38061781
     2818  0.20418848  2.00000000
     2819  0.20418848  2.00000000
     2820  0.20418848  2.00000000
     2821  0.20418848  1.60875644
     2822  0.20418848  1.05817146
     2823  0.20418848  2.00000000
     2824  0.20418848  2.00000000
     2825  0.20418848  2.00000000
     2826  0.20418848  1.10151728
     2827  0.20418848  1.32104610
     2828  0.20418848  1.04429528
     2829  0.20418848  2.00000000
     2830  0.20418848  1.82796305
     2831  0.20418848  2.00000000
     2832  0.20418848  1.52292869
     2833  0.20418848  1.43972068
     2834  0.20418848  2.00000000
     2835  0.20418848  2.00000000
     2836  0.20418848  1.82796305
     2837  0.20418848  2.00000000
     2838  0.20418848  2.00000000
     2839  0.20418848  1.60875644
     2840  0.20418848  0.85555193
     2841  0.20418848  1.82796305
     2842  0.20418848  2.00000000
     2843  0.19371728  2.00000000
     2844  0.20418848  1.82796305
     2845  0.20418848  1.70818174
     2846  0.20418848  1.82796305
     2847  0.20418848  1.70818174
     2848  0.20418848  1.82796305
     2849  0.20418848  1.15643291
     2850  0.20418848  2.00000000
     2851  0.20418848  2.00000000
     2852  0.20418848  2.00000000
     2853  0.20418848  1.82796305
     2854  0.20418848  2.00000000
     2855  0.20418848  2.00000000
     2856  0.20418848  2.00000000
     2857  0.20418848  2.00000000
     2858  0.20418848  1.82796305
     2859  0.20418848  2.00000000
     2860  0.20418848  2.00000000
     2861  0.20418848  2.00000000
     2862  0.20418848  2.00000000
     2863  0.20418848  2.00000000
     2864  0.20418848  1.70818174
     2865  0.20418848  2.00000000
     2866  0.20418848  1.32104610
     2867  0.20418848  2.00000000
     2868  0.20418848  2.00000000
     2869  0.19895288  2.00000000
     2870  0.19895288  2.00000000
     2871  0.19895288  2.00000000
     2872  0.19895288  2.00000000
     2873  0.19895288  2.00000000
     2874  0.19895288  2.00000000
     2875  0.19895288  1.43824739
     2876  0.19895288  2.00000000
     2877  0.19895288  1.70252775
     2878  0.20418848  2.00000000
     2879  0.20418848  2.00000000
     2880  0.18324607  2.00000000
     2881  0.18324607  2.00000000
     2882  0.18324607  1.81282374
     2883  0.18324607  1.15973735
     2884  0.18324607  1.49928841
     2885  0.18324607  1.57799948
     2886  0.18324607  1.18161552
     2887  0.18324607  1.68400287
     2888  0.16230366  0.91803272
     2889  0.16230366  1.16535354
     2890  0.18324607  1.00288069
     2891  0.18324607  1.68400287
     2892  0.18324607  1.48729086
     2893  0.18324607  0.44334329
     2894  0.18848168  0.70026324
     2895  0.18848168  0.67153093
     2896  0.18848168  1.14759482
     2897  0.15183246  1.07449918
     2898  0.08900524  0.62071951
     2899  0.08900524  1.16565298
     2900  0.08900524  0.84044525
     2901  0.10471204  1.53100441
     2902  0.10471204  1.39015970
     2903  0.10471204  1.71360304
     2904  0.10471204  1.71360304
     2905  0.10471204  2.00000000
     2906  0.10471204  2.00000000
     2907  0.05235602  2.00000000
     2908  0.10471204  2.00000000
     2909  0.10471204  1.27807191
     2910  0.10471204  1.11870910
     2911  0.10471204  0.84322035
     2912  0.10471204  1.53100441
     2913  0.10471204  1.11581628
     2914  0.10471204  1.39015970
     2915  0.10471204  1.25241532
     2916  0.10994764  2.00000000
     2917  0.10994764  1.27714210
     2918  0.10994764  2.00000000
     2919  0.10994764  2.00000000
     2920  0.10994764  1.72380457
     2921  0.10994764  1.40832722
     2922  0.17801047  1.80856675
     2923  0.17801047  2.00000000
     2924  0.17801047  2.00000000
     2925  0.17801047  1.61841951
     2926  0.20418848  2.00000000
     2927  0.20418848  1.82796305
     2928  0.20418848  1.82796305
     2929  0.20418848  2.00000000
     2930  0.20418848  1.44750489
     2931  0.20418848  1.60875644
     2932  0.20418848  1.38061781
     2933  0.20418848  1.43972068
     2934  0.20418848  2.00000000
     2935  0.18848168  2.00000000
     2936  0.18848168  2.00000000
     2937  0.18848168  2.00000000
     2938  0.18848168  1.63490102
     2939  0.18848168  2.00000000
     2940  0.18848168  2.00000000
     2941  0.00523560  2.00000000
     2942  0.00523560  2.00000000
     2943  0.00523560  2.00000000
     2944  0.00523560  2.00000000
     2945  0.00523560  2.00000000
     2946  0.20418848  1.82796305
     2947  0.20418848  1.52292869
     2948  0.20418848  2.00000000
     2949  0.20418848  1.82796305
     2950  0.20418848  1.82796305
     2951  0.19895288  2.00000000
     2952  0.19895288  1.05054798
     2953  0.19895288  1.60154073
     2954  0.20418848  1.82796305
     2955  0.20418848  2.00000000
     2956  0.20418848  2.00000000
     2957  0.20418848  2.00000000
     2958  0.20418848  2.00000000
     2959  0.20418848  1.82796305
     2960  0.20418848  1.05817146
     2961  0.20418848  2.00000000
     2962  0.20418848  1.60875644
     2963  0.19895288  1.07318094
     2964  0.20418848  2.00000000
     2965  0.20418848  2.00000000
     2966  0.20418848  1.03876340
     2967  0.20418848  1.52292869
     2968  0.20418848  2.00000000
     2969  0.20418848  2.00000000
     2970  0.20418848  1.60875644
     2971  0.20418848  1.70818174
     2972  0.20418848  1.53811830
     2973  0.18324607  1.68400287
     2974  0.18324607  1.62686001
     2975  0.18324607  1.39457336
     2976  0.18324607  1.33903766
     2977  0.16753927  0.98590234
     2978  0.16753927  1.10396177
     2979  0.18848168  1.18872188
     2980  0.18848168  0.99767075
     2981  0.03664921  2.00000000
     2982  0.03664921  2.00000000
     2983  0.03664921  2.00000000
     2984  0.03664921  2.00000000
     2985  0.03664921  2.00000000
     2986  0.03664921  2.00000000
     2987  0.20418848  1.82796305
     2988  0.20418848  0.85555193
     2989  0.20418848  0.71883758
     2990  0.20418848  1.00873574
     2991  0.20418848  1.14176921
     2992  0.20418848  0.82192089
     2993  0.02617801  2.00000000
     2994  0.20418848  1.70818174
     2995  0.20418848  1.42036459
     2996  0.20418848  1.35495000
     2997  0.20418848  1.82796305
     2998  0.20418848  1.22065016
     2999  0.20418848  1.82796305
     3000  0.20418848  1.82796305
     3001  0.20418848  2.00000000
     3002  0.20418848  2.00000000
     3003  0.20418848  2.00000000
     3004  0.20418848  1.05817146
     3005  0.20418848  1.32104610
     3006  0.20418848  2.00000000
     3007  0.20418848  2.00000000
     3008  0.20418848  2.00000000
     3009  0.20418848  2.00000000
     3010  0.20418848  2.00000000
     3011  0.19895288  2.00000000
     3012  0.19895288  1.82443497
     3013  0.19895288  2.00000000
     3014  0.19895288  2.00000000
     3015  0.19895288  2.00000000
     3016  0.19895288  2.00000000
     3017  0.19371728  2.00000000
     3018  0.19371728  2.00000000
     3019  0.19895288  1.60154073
     3020  0.19895288  2.00000000
     3021  0.19895288  2.00000000
     3022  0.19895288  2.00000000
     3023  0.20418848  2.00000000
     3024  0.20418848  2.00000000
     3025  0.01047120  2.00000000
     3026  0.20418848  2.00000000
     3027  0.20418848  1.82796305
     3028  0.20418848  2.00000000
     3029  0.20418848  2.00000000
     3030  0.20418848  1.14176921
     3031  0.20418848  1.52292869
     3032  0.20418848  1.43972068
     3033  0.20418848  2.00000000
     3034  0.20418848  2.00000000
     3035  0.20418848  2.00000000
     3036  0.20418848  2.00000000
     3037  0.20418848  2.00000000
     3038  0.20418848  2.00000000
     3039  0.20418848  2.00000000
     3040  0.20418848  2.00000000
     3041  0.20418848  2.00000000
     3042  0.19895288  2.00000000
     3043  0.20418848  1.70818174
     3044  0.20418848  2.00000000
     3045  0.20418848  1.22065016
     3046  0.20418848  0.74979502
     3047  0.20418848  1.82796305
     3048  0.20418848  1.15643291
     3049  0.20418848  2.00000000
     3050  0.20418848  0.90285596
     3051  0.20418848  1.82796305
     3052  0.20418848  2.00000000
     3053  0.20418848  2.00000000
     3054  0.20418848  2.00000000
     3055  0.20418848  2.00000000
     3056  0.20418848  2.00000000
     3057  0.20418848  1.05817146
     3058  0.20418848  2.00000000
     3059  0.20418848  1.44750489
     3060  0.20418848  2.00000000
     3061  0.20418848  2.00000000
     3062  0.20418848  2.00000000
     3063  0.20418848  2.00000000
     3064  0.20418848  2.00000000
     3065  0.20418848  2.00000000
     3066  0.20418848  2.00000000
     3067  0.20418848  2.00000000
     3068  0.20418848  1.05817146
     3069  0.20418848  1.38061781
     3070  0.20418848  2.00000000
     3071  0.20418848  2.00000000
     3072  0.20418848  1.82796305
     3073  0.20418848  1.82796305
     3074  0.20418848  2.00000000
     3075  0.20418848  1.70818174
     3076  0.20418848  2.00000000
     3077  0.20418848  2.00000000
     3078  0.20418848  2.00000000
     3079  0.20418848  1.53811830
     3080  0.20418848  1.52292869
     3081  0.20418848  1.82796305
     3082  0.18324607  1.48729086
     3083  0.18324607  1.30519464
     3084  0.00523560  2.00000000
     3085  0.00523560  2.00000000
     3086  0.00523560  2.00000000
     3087  0.00523560  2.00000000
     3088  0.00523560  2.00000000
     3089  0.00523560  2.00000000
     3090  0.00523560  2.00000000
     3091  0.00523560  2.00000000
     3092  0.00523560  2.00000000
     3093  0.00523560  2.00000000
     3094  0.00523560  2.00000000
     3095  0.00523560  2.00000000
     3096  0.00523560  2.00000000
     3097  0.00523560  2.00000000
     3098  0.00523560  2.00000000
     3099  0.00523560  2.00000000
     3100  0.00523560  2.00000000
     3101  0.00523560  2.00000000
     3102  0.00523560  2.00000000
     3103  0.00523560  2.00000000
     3104  0.00523560  2.00000000
     3105  0.00523560  2.00000000
     3106  0.00523560  2.00000000
     3107  0.00523560  2.00000000
     3108  0.00523560  2.00000000
     3109  0.00523560  2.00000000
     3110  0.20418848  0.92230880
     3111  0.20418848  0.86140171
     3112  0.20418848  1.53811830
     3113  0.19895288  1.21285604
     3114  0.18848168  0.26633145
     3115  0.16753927  1.18872188
     3116  0.04188482  1.45643556
     3117  0.04188482  2.00000000
     3118  0.19371728  2.00000000
     3119  0.17801047  1.09182165
     3120  0.19895288  2.00000000
     3121  0.20418848  1.70818174
     3122  0.20418848  1.21484842
     3123  0.20418848  2.00000000
     3124  0.20418848  1.60875644
     3125  0.20418848  1.52292869
     3126  0.20418848  1.32104610
     3127  0.19895288  1.82443497
     3128  0.19895288  2.00000000
     3129  0.19895288  2.00000000
     3130  0.19895288  1.70252775
     3131  0.20418848  2.00000000
     3132  0.19895288  2.00000000
     3133  0.20418848  2.00000000
     3134  0.20418848  2.00000000
     3135  0.20418848  2.00000000
     3136  0.20418848  2.00000000
     3137  0.20418848  2.00000000
     3138  0.20418848  2.00000000
     3139  0.20418848  1.70818174
     3140  0.20418848  2.00000000
     3141  0.20418848  2.00000000
     3142  0.20418848  2.00000000
     3143  0.20418848  2.00000000
     3144  0.20418848  2.00000000
     3145  0.20418848  2.00000000
     3146  0.29842932  1.78070269
     3147  0.29842932  1.07553631
     3148  0.52879581  0.96068711
     3149  0.52879581  2.00000000
     3150  0.52879581  1.36949376
     3151  0.52879581  2.00000000
     3152  0.52879581  2.00000000
     3153  0.52879581  1.01596953
     3154  0.52356021  1.91920686
     3155  0.51832461  1.38638098
     3156  0.51308901  2.00000000
     3157  0.52356021  2.00000000
     3158  0.52356021  1.80560814
     3159  0.52356021  1.91920686
     3160  0.01570681  2.00000000
     3161  0.01570681  2.00000000
     3162  0.01570681  1.08170417
     3163  0.01570681  2.00000000
     3164  0.96858639  1.45786953
     3165  0.97382199  0.58482909
     3166  0.98952880  1.28671031
     3167  0.98952880  1.48777229
     3168  0.98952880  1.38981627
     3169  0.98952880  1.22634895
     3170  0.01570681  2.00000000
     3171  0.01570681  1.08170417
     3172  0.98952880  0.93497453
     3173  0.99476440  1.59440690
     3174  0.98952880  0.67027500
     3175  0.98952880  0.80822418
     3176  0.98952880  2.00000000
     3177  0.99476440  1.95258554
     3178  0.98952880  0.96164881
     3179  0.98952880  1.09183100
     3180  0.98952880  1.29330260
     3181  0.99476440  0.96124619
     3182  0.03664921  2.00000000
     3183  0.03664921  1.40832722
     3184  0.03664921  1.40832722
     3185  0.03664921  1.40832722
     3186  0.03664921  1.13687943
     3187  0.03664921  2.00000000
     3188  0.03664921  2.00000000
     3189  0.03664921  2.00000000
     3190  0.03664921  2.00000000
     3191  0.03664921  2.00000000
     3192  0.03664921  2.00000000
     3193  0.03664921  2.00000000
     3194  0.03664921  2.00000000
     3195  0.03664921  2.00000000
     3196  0.03664921  2.00000000
     3197  0.00523560  2.00000000
     3198  0.00523560  2.00000000
     3199  0.00523560  2.00000000
     3200  0.00523560  2.00000000
     3201  0.00523560  2.00000000
     3202  0.00523560  2.00000000
     3203  0.00523560  2.00000000
     3204  0.00523560  2.00000000
     3205  0.03664921  0.85116515
     3206  0.03664921  2.00000000
     3207  0.03664921  2.00000000
     3208  0.03664921  1.40832722
     3209  0.01047120  2.00000000
     3210  0.01047120  1.00000000
     3211  0.99476440  1.51453924
     3212  0.99476440  1.90521126
     3213  0.99476440  1.62622075
     3214  0.97905759  0.79567534
     3215  0.99476440  1.19291953
     3216  0.99476440  1.79775058
     3217  0.98429319  0.93391023
     3218  0.94240838  1.67521593
     3219  0.94764398  0.93321653
     3220  0.98429319  1.86724929
     3221  0.98429319  1.47857866
     3222  0.98429319  0.55368908
     3223  0.98429319  0.40569224
     3224  0.98429319  0.82567580
     3225  0.98429319  0.78745810
     3226  0.98952880  1.46599614
     3227  0.98952880  1.46595678
     3228  0.01570681  2.00000000
     3229  0.01570681  2.00000000
     3230  0.01570681  1.08170417
     3231  0.01570681  2.00000000
     3232  0.01570681  2.00000000
     3233  0.03141361  2.00000000
     3234  0.03664921  2.00000000
     3235  0.45549738  1.48244103
     3236  0.45549738  1.37375005
     3237  0.42931937  1.62235368
     3238  0.35078534  1.35839540
     3239  0.35078534  1.40745446
     3240  0.43455497  1.54256782
     3241  0.46596859  1.14883116
     3242  0.45549738  1.37041104
     3243  0.44502618  1.09815989
     3244  0.45549738  1.46810677
     3245  0.45549738  0.79490408
     3246  0.37172775  1.56412470
     3247  0.37696335  1.48234837
     3248  0.37696335  1.58618315
     3249  0.37696335  1.40659965
     3250  0.41361257  1.61393506
     3251  0.34554974  0.93567111
     3252  0.34031414  1.35012258
     3253  0.32984293  0.94636399
     3254  0.32984293  0.78351925
     3255  0.32984293  1.18482102
     3256  0.32984293  1.06664274
     3257  0.32984293  1.68007620
     3258  0.33507853  0.89038468
     3259  0.21989529  1.54628366
     3260  0.21989529  1.05014394
     3261  0.21989529  1.20612415
     3262  0.21989529  1.38743911
     3263  0.21989529  1.83767382
     3264  0.33507853  0.31811997
     3265  0.33507853  1.13162111
     3266  0.46596859  0.90104963
     3267  0.46596859  0.72464441
     3268  0.45549738  0.97043217
     3269  0.45549738  0.97646096
     3270  0.45549738  1.30930494
     3271  0.45549738  1.21430882
     3272  0.45549738  1.39684699
     3273  0.04188482  1.45643556
     3274  0.35078534  1.32815532
     3275  0.35602094  1.46084234
     3276  0.35602094  1.41349187
     3277  0.35602094  1.77915498
     3278  0.35602094  1.45901027
     3279  0.34031414  1.44336561
     3280  0.30890052  1.75252188
     3281  0.34031414  1.44033895
     3282  0.34031414  1.38336354
     3283  0.34031414  1.80176504
     3284  0.44502618  0.77464435
     3285  0.44502618  1.32503335
     3286  0.44502618  1.00551085
     3287  0.44502618  0.88204810
     3288  0.46596859  0.79599056
     3289  0.46596859  1.84489673
     3290  0.46596859  1.46039152
     3291  0.46596859  1.54542567
     3292  0.46596859  1.75638757
     3293  0.46596859  1.66806690
     3294  0.46596859  1.75638757
     3295  0.46596859  1.84489673
     3296  0.46596859  1.84489673
     3297  0.45549738  1.24796673
     3298  0.45549738  2.00000000
     3299  0.45549738  1.68267610
     3300  0.02617801  2.00000000
     3301  0.02617801  2.00000000
     3302  0.01047120  2.00000000
     3303  0.46596859  1.56390534
     3304  0.46596859  1.18840658
     3305  0.46596859  1.60258959
     3306  0.46596859  1.49300769
     3307  0.46596859  1.55605353
     3308  0.46596859  1.91112030
     3309  0.46596859  1.60258959
     3310  0.46596859  1.60258959
     3311  0.99476440  0.88192243
     3312  0.99476440  1.77237889
     3313  0.99476440  0.73892961
     3314  0.99476440  1.59440690
     3315  0.98429319  0.82935871
     3316  0.99476440  1.82443497
     3317  0.99476440  1.56645930
     3318  0.99476440  1.88290308
     3319  0.99476440  0.95259830
     3320  0.99476440  0.26869075
     3321  0.99476440  0.98259868
     3322  0.98952880  1.91537273
     3323  0.98952880  1.85207276
     3324  0.50785340  1.77257532
     3325  0.50785340  1.47292643
     3326  0.97382199  1.79440749
     3327  0.97382199  1.86607275
     3328  0.96858639  0.53279879
     3329  0.98429319  0.65794471
     3330  0.97905759  0.70357547
     3331  0.97382199  0.90059754
     3332  0.01570681  1.08170417
     3333  0.97382199  1.72049445
     3334  0.97382199  1.57018037
     3335  0.00523560  2.00000000
     3336  0.00523560  2.00000000
     3337  0.11518325  2.00000000
     3338  0.01047120  2.00000000
     3339  0.01047120  1.00000000
     3340  0.01570681  1.08170417
     3341  0.01570681  1.08170417
     3342  0.04188482  0.93872188
     3343  0.04188482  1.04556600
     3344  0.04188482  0.59436094
     3345  0.04188482  2.00000000
     3346  0.04188482  0.59436094
     3347  0.04188482  1.00000000
     3348  0.04188482  1.45643556
     3349  0.04188482  2.00000000
     3350  0.04188482  1.45643556
     3351  0.04188482  1.45643556
     3352  0.04188482  0.59436094
     3353  0.04188482  1.18872188
     3354  0.04188482  1.04556600
     3355  0.04188482  0.70120506
     3356  0.04188482  1.18872188
     3357  0.99476440  0.78659111
     3358  0.98952880  1.79692607
     3359  0.99476440  1.68868960
     3360  0.99476440  0.95802949
     3361  0.98952880  1.00244485
     3362  0.99476440  0.86066689
     3363  0.99476440  1.68868960
     3364  0.91099476  0.89095741
     3365  0.99476440  1.91573757
     3366  0.98952880  0.56563225
     3367  0.99476440  0.85982049
     3368  0.98952880  0.95694809
     3369  0.99476440  0.89920018
     3370  0.98429319  1.74952557
     3371  0.98952880  1.77146186
     3372  0.98429319  1.91500444
     3373  0.98952880  1.25539373
     3374  0.98952880  0.50848768
     3375  0.99476440  1.58315580
     3376  0.99476440  1.00287931
     3377  0.99476440  1.32425907
     3378  0.56544503  0.96307233
     3379  0.56544503  1.41867850
     3380  0.56544503  1.51150963
     3381  0.56544503  1.57878938
     3382  0.99476440  1.24661993
     3383  0.99476440  1.85268933
     3384  0.99476440  0.37835211
     3385  0.99476440  1.62047562
     3386  0.99476440  0.68583421
     3387  0.99476440  1.59825847
     3388  0.99476440  1.25258802
     3389  0.99476440  1.90521126
     3390  0.99476440  0.81672391
     3391  0.98429319  1.74612156
     3392  0.53926702  1.81000924
     3393  0.95811518  1.05180562
     3394  0.95811518  1.79181905
     3395  0.52879581  1.53635826
     3396  0.95287958  2.00000000
     3397  0.95811518  1.91310948
     3398  0.95811518  0.83280733
     3399  0.95811518  1.00260789
     3400  0.95811518  1.49381932
     3401  0.94764398  1.00637273
     3402  0.94764398  0.86860699
     3403  0.98952880  1.12998369
     3404  0.98952880  1.83490285
     3405  0.99476440  0.62169655
     3406  0.99476440  1.52499294
     3407  0.99476440  1.09447752
     3408  0.99476440  0.79342685
     3409  0.99476440  0.91969936
     3410  0.99476440  1.77237889
     3411  0.98429319  0.06887580
     3412  0.97905759  1.04379491
     3413  0.97905759  1.62570424
     3414  0.97905759  1.77439830
     3415  0.97905759  0.62288761
     3416  0.94240838  1.18815248
     3417  0.96335079  0.63582738
     3418  0.96335079  0.12666799
     3419  0.96335079  1.79268981
     3420  0.96335079  1.95129169
     3421  0.75916230  1.01822637
     3422  0.73298429  0.90999948
     3423  0.94764398  0.70821787
     3424  0.94764398  0.90209168
     3425  0.94764398  0.74096098
     3426  0.93193717  1.09537434
     3427  0.93193717  1.00738911
     3428  0.87434555  1.01893856
     3429  0.86910995  1.00094260
     3430  0.86910995  0.68359281
     3431  0.86387435  0.58854320
     3432  0.86387435  1.12244492
     3433  0.87434555  0.72252920
     3434  0.85340314  1.80223503
     3435  0.92146597  0.96755018
     3436  0.92146597  0.84180511
     3437  0.92146597  0.73783181
     3438  0.81675393  1.06366281
     3439  0.94764398  1.91232552
     3440  0.94764398  1.95061576
     3441  0.94764398  0.85627847
     3442  0.93717277  0.91976100
     3443  0.93193717  0.96381850
     3444  0.94240838  1.03963773
     3445  0.94240838  0.96242143
     3446  0.95811518  0.93366414
     3447  0.95811518  0.80631209
     3448  0.95811518  0.88627191
     3449  0.84816754  0.79543856
     3450  0.84816754  2.00000000
     3451  0.84816754  0.47696799
     3452  0.84816754  1.90402960
     3453  0.83769634  1.86563656
     3454  0.83769634  1.74077081
     3455  0.83769634  0.94880048
     3456  0.83769634  1.53944754
     3457  0.83769634  1.04556600
     3458  0.80104712  0.85452408
     3459  0.80104712  1.01934598
     3460  0.80104712  1.07530644
     3461  0.80104712  1.00892394
     3462  0.80104712  0.77835187
     3463  0.79057592  0.91379143
     3464  0.80104712  1.72530389
     3465  0.80628272  1.06535336
     3466  0.80628272  0.86331729
     3467  0.84293194  1.21163300
     3468  0.94764398  1.73877667
     3469  0.95811518  0.35295486
     3470  0.95811518  1.03598010
     3471  0.51308901  1.38255170
     3472  0.95287958  0.95688532
     3473  0.98429319  1.25453003
     3474  0.98429319  0.48904239
     3475  0.96858639  1.50581707
     3476  0.96858639  1.71937146
     3477  0.96858639  0.52908095
     3478  0.96858639  0.80981016
     3479  0.96858639  0.85480122
     3480  0.96858639  1.00609975
     3481  0.96858639  0.70949125
     3482  0.96858639  1.79355259
     3483  0.46596859  1.84489673
     3484  0.88481675  0.94256017
     3485  0.89528796  0.82087884
     3486  0.98952880  1.91537273
     3487  0.99476440  0.82768406
     3488  0.99476440  1.37075078
     3489  0.99476440  0.57123859
     3490  0.99476440  0.71955858
     3491  0.99476440  0.85870457
     3492  0.99476440  1.65689042
     3493  0.99476440  1.72158160
     3494  0.99476440  1.41697780
     3495  0.97382199  1.29411130
     3496  0.97382199  0.67666386
     3497  0.97382199  0.92914514
     3498  0.99476440  1.55475243
     3499  0.98952880  0.92275344
     3500  0.98952880  1.53366189
     3501  0.98952880  1.95237506
     3502  0.98952880  0.93055191
     3503  0.98952880  1.00098973
     3504  0.98952880  0.89761903
     3505  0.97905759  1.43035701
     3506  0.97905759  0.79840903
     3507  0.06806283  1.38061781
     3508  0.06806283  2.00000000
     3509  0.50261780  1.29376257
     3510  0.50261780  1.23394220
     3511  0.50261780  0.83937744
     3512  0.30890052  0.85189823
     3513  0.31413613  1.50527060
     3514  0.32984293  1.14300428
     3515  0.32984293  1.29429324
     3516  0.32984293  1.26555382
     3517  0.32984293  1.88240533
     3518  0.32984293  1.08170417
     3519  0.52356021  0.44488159
     3520  0.31937173  0.66505886
     3521  0.30890052  1.00020723
     3522  0.30890052  1.49903174
     3523  0.30890052  0.82224984
     3524  0.30890052  1.87605013
     3525  0.30890052  0.82299087
     3526  0.29319372  0.62350694
     3527  0.47120419  1.91192774
     3528  0.92146597  1.91029661
     3529  0.93717277  0.45732182
     3530  0.94764398  0.39077731
     3531  0.95287958  1.58350211
     3532  0.95287958  0.92688153
     3533  0.95811518  1.56683713
     3534  0.98952880  0.85658270
     3535  0.98952880  1.50808270
     3536  0.98952880  1.63992623
     3537  0.98429319  1.48462011
     3538  0.98429319  0.96490167
     3539  0.98429319  0.71284791
     3540  0.67539267  1.86910573
     3541  0.67015707  1.73382253
     3542  0.63874346  1.09400679
     3543  0.63350785  0.94375158
     3544  0.63350785  1.14913475
     3545  0.63874346  1.20327135
     3546  0.63350785  1.13525297
     3547  0.63874346  1.31920622
     3548  0.63350785  2.00000000
     3549  0.63350785  1.31596156
     3550  0.63350785  1.31596156
     3551  0.63874346  0.58257749
     3552  0.63874346  1.41748109
     3553  0.64397906  1.15179946
     3554  0.64397906  1.93187537
     3555  0.64397906  1.19724145
     3556  0.64397906  1.37163132
     3557  0.64397906  2.00000000
     3558  0.64397906  1.29346880
     3559  0.64397906  1.32241928
     3560  0.64397906  1.28755662
     3561  0.95811518  1.86426496
     3562  0.98429319  1.71919894
     3563  0.98429319  0.96490167
     3564  0.49214660  0.65497627
     3565  0.49738220  1.04012552
     3566  0.49738220  1.40048145
     3567  0.49738220  1.11237029
     3568  0.49738220  0.81449912
     3569  0.49738220  1.79775058
     3570  0.94240838  1.60569976
     3571  0.94764398  1.87825046
     3572  0.94764398  0.69809339
     3573  0.45026178  1.90859838
     3574  0.95287958  1.73985464
     3575  0.97382199  1.64998756
     3576  0.97905759  0.72917911
     3577  0.97905759  0.46263607
     3578  0.97905759  0.80906420
     3579  0.97905759  0.86095997
     3580  0.97905759  0.63542697
     3581  0.98952880  0.90230401
     3582  0.98952880  1.00244485
     3583  0.98952880  0.63880737
     3584  0.98952880  0.80984145
     3585  0.98429319  1.83418927
     3586  0.98429319  0.95848734
     3587  0.00523560  2.00000000
     3588  0.00523560  2.00000000
     3589  0.00523560  2.00000000
     3590  0.00523560  2.00000000
     3591  0.00523560  2.00000000
     3592  0.00523560  2.00000000
     3593  0.00523560  2.00000000
     3594  0.00523560  2.00000000
     3595  0.00523560  2.00000000
     3596  0.00523560  2.00000000
     3597  0.42931937  1.90498275
     3598  0.42931937  2.00000000
     3599  0.42408377  1.15624179
     3600  0.42931937  2.00000000
     3601  0.42931937  2.00000000
     3602  0.42931937  2.00000000
     3603  0.42931937  2.00000000
     3604  0.42931937  2.00000000
     3605  0.42931937  1.17919975
     3606  0.42931937  2.00000000
     3607  0.42931937  1.90498275
     3608  0.42931937  1.67923166
     3609  0.42931937  2.00000000
     3610  0.42931937  1.83457297
     3611  0.42931937  2.00000000
     3612  0.42931937  2.00000000
     3613  0.42931937  1.67923166
     3614  0.42931937  1.77358905
     3615  0.42931937  1.14388537
     3616  0.42931937  1.77358905
     3617  0.42931937  2.00000000
     3618  0.42931937  1.46505630
     3619  0.42931937  2.00000000
     3620  0.42931937  2.00000000
     3621  0.42931937  1.90498275
     3622  0.42931937  1.90498275
     3623  0.42931937  2.00000000
     3624  0.42931937  1.71880620
     3625  0.42931937  2.00000000
     3626  0.42408377  1.05896869
     3627  0.42408377  1.80828184
     3628  0.42408377  1.19365048
     3629  0.42408377  2.00000000
     3630  0.42408377  2.00000000
     3631  0.91623037  0.92323790
     3632  0.94240838  1.91192774
     3633  0.94240838  1.84625782
     3634  0.94240838  0.29969353
     3635  0.93193717  1.21443172
     3636  0.92670157  0.92725620
     3637  0.93193717  0.77450768
     3638  0.93193717  2.00000000
     3639  0.92670157  0.65462164
     3640  0.93193717  0.96381850
     3641  0.93717277  1.00814262
     3642  0.94764398  1.00973205
     3643  0.94764398  0.94901189
     3644  0.94240838  1.57682614
     3645  0.94764398  1.82899980
     3646  0.94764398  1.23802077
     3647  0.94764398  1.00284272
     3648  0.94240838  1.58618315
     3649  0.94240838  0.76397927
     3650  0.94764398  1.79772298
     3651  0.94764398  1.00637273
     3652  0.42408377  1.90402960
     3653  0.94764398  0.82833260
     3654  0.03141361  2.00000000
     3655  0.42931937  1.90498275
     3656  0.42931937  2.00000000
     3657  0.42931937  1.90498275
     3658  0.42931937  1.77358905
     3659  0.42931937  2.00000000
     3660  0.42931937  1.77358905
     3661  0.42931937  2.00000000
     3662  0.42931937  2.00000000
     3663  0.42931937  0.93367597
     3664  0.42931937  1.34062412
     3665  0.42931937  2.00000000
     3666  0.42931937  2.00000000
     3667  0.42931937  1.71880620
     3668  0.42931937  2.00000000
     3669  0.42931937  1.50082016
     3670  0.95287958  1.71596169
     3671  0.95287958  0.93439239
     3672  0.95287958  0.92802854
     3673  0.00523560  2.00000000
     3674  0.92146597  0.89445170
     3675  0.92146597  1.30378774
     3676  0.92146597  1.00456914
     3677  0.89005236  1.10479998
     3678  0.88481675  1.75123408
     3679  0.57068063  0.93639903
     3680  0.92670157  0.95987543
     3681  0.92670157  1.00112852
     3682  0.92670157  0.49872469
     3683  0.93717277  0.68048239
     3684  0.93717277  0.56294366
     3685  0.93193717  1.58295223
     3686  0.96335079  1.84890303
     3687  0.96335079  1.79268981
     3688  0.97905759  0.78841989
     3689  0.97905759  0.48155042
     3690  0.97382199  1.88088397
     3691  0.98952880  0.68317541
     3692  0.97382199  1.79440749
     3693  0.98952880  0.96751447
     3694  0.98952880  0.53078934
     3695  0.98952880  0.76647491
     3696  0.98952880  1.70136766
     3697  0.98952880  1.00730234
     3698  0.97382199  0.70914951
     3699  0.94764398  0.89563122
     3700  0.00523560  2.00000000
     3701  0.00523560  2.00000000
     3702  0.00523560  2.00000000
     3703  0.00523560  2.00000000
     3704  0.00523560  2.00000000
     3705  0.00523560  2.00000000
     3706  0.00523560  2.00000000
     3707  0.00523560  2.00000000
     3708  0.97905759  0.93454307
     3709  0.95811518  1.04147716
     3710  0.95811518  0.59393365
     3711  0.95811518  0.65980559
     3712  0.95811518  1.57216146
     3713  0.95287958  0.90167955
     3714  0.94240838  1.00892394
     3715  0.95287958  1.36593212
     3716  0.94764398  1.79084391
     3717  0.95287958  1.90173040
     3718  0.93717277  1.04274490
     3719  0.40837696  0.97069903
     3720  0.92670157  1.58131569
     3721  0.89528796  0.92888874
     3722  0.95287958  0.80689642
     3723  0.95287958  1.71596169
     3724  0.94240838  1.72925981
     3725  0.92146597  0.96359633
     3726  0.93193717  0.78743561
     3727  0.93717277  0.57549557
     3728  0.93717277  0.51365614
     3729  0.91623037  1.06360220
     3730  0.36125654  1.81072157
     3731  0.35602094  1.80856675
     3732  0.36125654  1.70205543
     3733  0.34031414  2.00000000
     3734  0.42931937  2.00000000
     3735  0.42931937  2.00000000
     3736  0.42931937  0.95691827
     3737  0.42931937  1.90498275
     3738  0.42931937  1.90498275
     3739  0.42931937  1.83457297
     3740  0.42931937  1.90498275
     3741  0.42931937  1.52868186
     3742  0.42931937  1.53878396
     3743  0.42931937  2.00000000
     3744  0.41361257  1.48836022
     3745  0.42931937  2.00000000
     3746  0.42931937  1.57919051
     3747  0.42408377  1.49674167
     3748  0.39790576  1.64998941
     3749  0.37696335  1.89440896
     3750  0.42931937  1.03504323
     3751  0.42931937  2.00000000
     3752  0.42931937  2.00000000
     3753  0.42931937  1.90498275
     3754  0.42408377  0.01308805
     3755  0.42408377  0.35824914
     3756  0.42408377  0.77965613
     3757  0.29319372  0.61590552
     3758  0.03141361  1.34997758
     3759  0.72251309  0.57961940
     3760  0.98429319  1.40558501
     3761  0.95811518  0.53982596
     3762  0.95287958  1.74204997
     3763  0.95811518  0.72028885
     3764  0.98429319  1.28045498
     3765  0.99476440  1.68868960
     3766  0.98429319  0.44238637
     3767  0.94764398  1.60494917
     3768  0.93193717  1.63829970
     3769  0.71727749  1.55867833
     3770  0.95287958  0.71530919
     3771  0.93193717  1.00912603
     3772  0.95811518  0.67575443
     3773  0.95287958  0.93642930
     3774  0.95811518  1.71716043
     3775  0.99476440  1.23392552
     3776  0.97905759  0.95004680
     3777  0.93717277  0.93477742
     3778  0.93717277  1.53543589
     3779  0.94764398  1.69171246
     3780  0.95287958  1.30958065
     3781  0.97905759  1.02541919
     3782  0.98952880  0.59932454
     3783  0.98429319  0.71804154
     3784  0.98429319  0.71740093
     3785  0.98429319  2.00000000
     3786  0.97905759  1.82224065
     3787  0.94764398  1.73877667
     3788  0.91099476  0.95760564
     3789  0.91623037  0.74272281
     3790  0.91623037  0.73538809
     3791  0.90575916  0.68228975
     3792  0.91623037  0.78854793
     3793  0.91099476  0.53422514
     3794  0.91623037  1.77365373
     3795  0.90052356  1.75900377
     3796  0.44502618  1.81564757
     3797  0.46073298  1.63014975
     3798  0.46596859  1.63336265
     3799  0.52356021  1.04916669
     3800  0.64921466  0.38893692
     3801  0.65445026  0.88762334
     3802  0.94240838  1.00570707
     3803  0.95811518  1.91310948
     3804  0.96858639  0.92522193
     3805  0.96858639  0.57083856
     3806  0.94764398  0.85627847
     3807  0.96335079  0.90572334
     3808  0.96335079  0.81125029
     3809  0.95287958  1.25507904
     3810  0.95287958  1.81462597
     3811  0.54973822  0.81542758
     3812  0.54450262  1.64865937
     3813  0.55497382  1.69169615
     3814  0.54450262  1.15477000
     3815  0.92670157  1.20489692
     3816  0.92146597  1.61995753
     3817  0.93193717  0.93566045
     3818  0.90575916  0.88534932
     3819  0.90575916  0.85685238
     3820  0.91623037  0.96641206
     3821  0.91623037  0.55067989
     3822  0.91623037  0.51159115
     3823  0.54973822  1.49710254
     3824  0.91623037  0.91071102
     3825  0.90575916  0.84872637
     3826  0.92146597  1.00243596
     3827  0.94764398  0.39688313
     3828  0.85863874  1.64509487
     3829  0.97382199  0.74546484
     3830  0.97382199  1.02149054
     3831  0.97382199  0.76684140
     3832  0.97382199  1.82149574
     3833  0.96858639  0.95676697
     3834  0.96858639  1.23258659
     3835  0.97382199  0.96468881
     3836  0.97382199  0.87101985
     3837  0.97382199  0.51698347
     3838  0.97382199  0.01695190
     3839  0.97382199  1.10670384
     3840  0.95811518  0.48262127
     3841  0.96335079  1.51122125
     3842  0.96335079  1.62500778
     3843  0.94240838  0.90857323
     3844  0.96335079  0.83915942
     3845  0.05235602  0.15356066
     3846  0.03141361  2.00000000
     3847  0.03141361  2.00000000
     3848  0.06806283  2.00000000
     3849  0.06806283  2.00000000
     3850  0.07329843  2.00000000
     3851  0.07329843  1.05971404
     3852  0.07329843  1.25040474
     3853  0.07329843  1.05971404
     3854  0.07329843  0.90508568
     3855  0.07329843  0.90508568
     3856  0.40837696  1.49651429
     3857  0.40837696  1.04429528
     3858  0.40837696  1.65648026
     3859  0.40837696  1.55892077
     3860  0.40837696  1.37876058
     3861  0.40837696  0.65414801
     3862  0.40837696  1.47596872
     3863  0.40837696  1.70818174
     3864  0.40837696  1.02394128
     3865  0.40837696  1.32104610
     3866  0.42931937  0.89489760
     3867  0.42931937  1.62467438
     3868  0.42931937  1.71880620
     3869  0.32460733  2.00000000
     3870  0.33507853  1.49019591
     3871  0.86387435  0.52082395
     3872  0.96335079  1.34239602
     3873  0.96335079  1.08912162
     3874  0.96335079  1.76675145
     3875  0.96335079  1.76274538
     3876  0.96335079  0.91706770
     3877  0.96335079  1.04676305
     3878  0.96335079  0.79676413
     3879  0.95811518  0.93769321
     3880  0.96335079  1.08352642
     3881  0.96335079  0.91901727
     3882  0.95287958  1.86365055
     3883  0.95287958  1.70493521
     3884  0.95811518  1.95106860
     3885  0.95811518  0.47902113
     3886  0.52356021  1.47433334
     3887  0.52356021  1.26420514
     3888  0.44502618  1.77971673
     3889  0.52879581  1.04205469
     3890  0.52879581  1.30248047
     3891  0.51832461  0.45663982
     3892  0.94240838  1.19359724
     3893  0.95287958  1.00427255
     3894  0.96335079  1.95129169
     3895  0.96335079  1.83126655
     3896  0.95287958  0.90701646
     3897  0.95287958  1.87878729
     3898  0.42408377  1.62116840
     3899  0.42408377  1.62116840
     3900  0.94764398  1.79005312
     3901  0.95287958  0.58289434
     3902  0.95287958  1.01714131
     3903  0.95811518  0.87030724
     3904  0.95287958  1.49393997
     3905  0.95287958  0.85316627
     3906  0.95287958  0.55081741
     3907  0.92670157  0.85879636
     3908  0.95811518  1.83051826
     3909  0.95811518  0.83445018
     3910  0.95811518  0.78187444
     3911  0.95287958  1.09113516
     3912  0.95811518  0.88986179
     3913  0.95811518  0.92904494
     3914  0.95811518  1.86426496
     3915  0.95287958  1.53621497
     3916  0.95811518  0.43343175
     3917  0.95811518  0.81923047
     3918  0.95811518  0.79826502
     3919  0.95811518  1.00105571
     3920  0.71204188  1.78470562
     3921  0.68586387  1.44319020
     3922  0.95811518  1.02969230
     3923  0.95287958  1.01714131
     3924  0.51832461  0.44956700
     3925  0.51832461  1.15203334
     3926  0.95287958  0.83563214
     3927  0.92146597  0.55859987
     3928  0.69633508  1.44857218
     3929  0.70157068  1.00306803
     3930  0.70157068  0.59054107
     3931  0.95811518  0.48615331
     3932  0.95811518  1.00105571
     3933  0.95811518  0.93769321
     3934  0.95811518  0.49910156
     3935  0.95811518  0.82709697
     3936  0.95811518  1.18990729
     3937  0.95811518  0.61354886
     3938  0.95811518  1.26908929
     3939  0.95811518  1.31607011
     3940  0.95811518  0.53626561
     3941  0.00523560  2.00000000
     3942  0.00523560  2.00000000
     3943  0.00523560  2.00000000
     3944  0.00523560  2.00000000
     3945  0.00523560  2.00000000
     3946  0.00523560  2.00000000
     3947  0.00523560  2.00000000
     3948  0.43455497  0.81138853
     3949  0.43455497  0.75358292
     3950  0.43455497  1.10310712
     3951  0.43455497  0.65310054
     3952  0.43455497  1.90591556
     3953  0.43455497  0.51941169
     3954  0.26701571  1.30452822
     3955  0.26701571  1.14443019
     3956  0.26701571  0.63350762
     3957  0.26701571  1.76131549
     3958  0.43455497  1.58271931
     3959  0.43455497  1.17666125
     3960  0.43455497  1.49962778
     3961  0.43455497  1.68223246
     3962  0.43455497  1.53511194
     3963  0.43455497  1.44618228
     3964  0.42931937  1.07297201
     3965  0.42931937  1.71880620
     3966  0.42931937  1.19326207
     3967  0.84816754  1.52549219
     3968  0.94240838  1.11870910
     3969  0.94240838  0.81604461
     3970  0.93717277  1.79591701
     3971  0.95287958  2.00000000
     3972  0.94764398  0.94776053
     3973  0.94764398  0.80099897
     3974  0.94764398  1.79005312
     3975  0.94764398  1.00796334
     3976  0.94240838  0.68966736
     3977  0.94764398  0.23431538
     3978  0.43455497  1.52011058
     3979  0.91623037  0.84556951
     3980  0.89005236  0.76834873
     3981  0.87958115  1.83767382
     3982  0.91099476  1.00152538
     3983  0.91623037  1.33270424
     3984  0.93717277  0.61298792
     3985  0.93717277  0.81032040
     3986  0.93717277  0.95900297
     3987  0.93193717  0.54095144
     3988  0.93717277  1.82745144
     3989  0.95811518  1.00778991
     3990  0.95811518  1.69919892
     3991  0.95811518  1.95106860
     3992  0.95811518  1.30461623
     3993  0.95811518  1.25279990
     3994  0.01047120  2.00000000
     3995  0.01047120  2.00000000
     3996  0.02094241  0.50000000
     3997  0.02094241  1.00000000
     3998  0.02094241  1.18872188
     3999  0.02094241  1.00000000
     4000  0.02094241  2.00000000
     4001  0.02094241  1.00000000
     4002  0.02094241  2.00000000
     4003  0.02094241  1.18872188
     4004  0.02094241  2.00000000
     4005  0.02094241  2.00000000
     4006  0.02094241  1.18872188
     4007  0.02094241  2.00000000
     4008  0.02094241  2.00000000
     4009  0.02094241  2.00000000
     4010  0.02094241  2.00000000
     4011  0.02094241  2.00000000
     4012  0.02094241  2.00000000
     4013  0.02094241  1.18872188
     4014  0.02094241  2.00000000
     4015  0.02094241  2.00000000
     4016  0.01570681  2.00000000
     4017  0.01570681  2.00000000
     4018  0.01570681  1.08170417
     4019  0.01570681  2.00000000
     4020  0.01570681  1.08170417
     4021  0.01570681  1.08170417
     4022  0.02094241  1.18872188
     4023  0.02094241  1.00000000
     4024  0.02094241  1.00000000
     4025  0.02094241  2.00000000
     4026  0.02094241  2.00000000
     4027  0.01047120  2.00000000
     4028  0.01047120  2.00000000
     4029  0.02094241  2.00000000
     4030  0.02094241  2.00000000
     4031  0.02094241  2.00000000
     4032  0.02094241  2.00000000
     4033  0.02094241  2.00000000
     4034  0.02094241  2.00000000
     4035  0.02094241  2.00000000
     4036  0.02094241  2.00000000
     4037  0.02094241  2.00000000
     4038  0.02094241  1.18872188
     4039  0.02094241  2.00000000
     4040  0.02094241  2.00000000
     4041  0.02094241  2.00000000
     4042  0.02094241  2.00000000
     4043  0.02094241  1.18872188
     4044  0.02094241  2.00000000
     4045  0.02094241  2.00000000
     4046  0.02094241  2.00000000
     4047  0.03141361  1.08170417
     4048  0.03141361  0.41503750
     4049  0.03141361  2.00000000
     4050  0.02617801  1.27807191
     4051  0.02617801  1.27807191
     4052  0.52879581  1.80709993
     4053  0.93717277  0.65402769
     4054  0.93717277  0.47972006
     4055  0.94240838  0.91094509
     4056  0.93717277  1.48024649
     4057  0.94240838  0.96242143
     4058  0.94764398  0.80550684
     4059  0.95811518  0.96521388
     4060  0.93717277  0.34366934
     4061  0.93717277  0.94763886
     4062  0.45026178  1.46049540
     4063  0.44502618  1.50844742
     4064  0.93193717  1.38391212
     4065  0.94240838  1.15536466
     4066  0.94764398  1.76850541
     4067  0.94764398  1.55849397
     4068  0.94764398  0.46846031
     4069  0.45026178  0.66773350
     4070  0.95287958  1.01258027
     4071  0.95287958  0.88692524
     4072  0.95287958  1.84759300
     4073  0.95811518  0.59142979
     4074  0.95811518  0.64331582
     4075  0.95811518  1.79181905
     4076  0.95811518  1.29216018
     4077  0.95287958  0.79926672
     4078  0.95287958  1.73160967
     4079  0.95287958  1.79861296
     4080  0.95287958  0.39689596
     4081  0.94764398  2.00000000
     4082  0.95811518  1.95106860
     4083  0.94764398  0.87717203
     4084  0.93717277  1.70790231
     4085  0.75392670  1.03592124
     4086  0.75392670  0.58533109
     4087  0.95811518  1.69720696
     4088  0.95811518  0.88391737
     4089  0.95811518  0.74379177
     4090  0.93717277  0.69697954
     4091  0.95287958  0.75779081
     4092  0.95287958  0.88387939
     4093  0.94764398  0.36781696
     4094  0.95811518  1.51860590
     4095  0.95811518  0.96078228
     4096  0.95287958  1.28244647
     4097  0.94764398  1.76382070
     4098  0.95287958  1.84759300
     4099  0.95287958  1.79094019
     4100  0.94764398  1.87825046
     4101  0.95287958  0.87099656
     4102  0.95287958  0.76721009
     4103  0.94240838  1.77879597
     4104  0.94240838  0.96781764
     4105  0.94240838  1.56999337
     4106  0.43455497  1.81204310
     4107  0.93193717  0.64456976
     4108  0.93193717  1.04250371
     4109  0.92670157  0.69521001
     4110  0.92670157  0.51773150
     4111  0.92670157  0.84951327
     4112  0.94240838  0.82596805
     4113  0.92670157  1.01945153
     4114  0.55497382  1.81419692
     4115  0.54450262  1.44062850
     4116  0.54450262  0.68887462
     4117  0.54450262  1.54635043
     4118  0.54450262  1.67514868
     4119  0.53926702  1.26870524
     4120  0.54973822  1.58909929
     4121  0.87958115  1.80680359
     4122  0.95287958  0.75908574
     4123  0.95287958  0.71620974
     4124  0.82722513  0.89815805
     4125  0.94240838  0.87587037
     4126  0.95287958  1.00872849
     4127  0.95287958  0.83293455
     4128  0.95287958  1.91271941
     4129  0.95287958  1.71596169
     4130  0.94764398  0.82089565
     4131  0.95287958  0.92151377
     4132  0.95287958  0.57883351
     4133  0.95287958  0.65854562
     4134  0.95287958  1.71177648
     4135  0.94764398  1.79772298
     4136  0.94764398  1.14381983
     4137  0.94764398  1.84692860
     4138  0.93193717  1.89988435
     4139  0.93193717  1.78734136
     4140  0.92146597  0.93527126
     4141  0.91099476  0.55655753
     4142  0.90575916  0.96070544
     4143  0.90575916  0.99755687
     4144  0.01047120  2.00000000
     4145  0.08376963  0.58143556
     4146  0.06806283  1.00427255
     4147  0.08900524  2.00000000
     4148  0.08900524  1.47744063
     4149  0.08376963  1.66270993
     4150  0.51832461  1.85742667
     4151  0.94240838  1.77460215
     4152  0.95287958  1.90173040
     4153  0.95287958  1.84759300
     4154  0.95287958  1.82976271
     4155  0.95287958  0.37098590
     4156  0.94240838  0.73120549
     4157  0.94764398  0.85837373
     4158  0.94764398  1.71477766
     4159  0.77486911  0.95676697
     4160  0.77486911  1.94157254
     4161  0.77486911  1.43366478
     4162  0.77486911  1.94157254
     4163  0.77486911  1.12927456
     4164  0.77486911  1.82074393
     4165  0.77486911  1.11380977
     4166  0.76963351  0.78911183
     4167  0.77486911  1.76258448
     4168  0.75916230  0.87533301
     4169  0.92670157  1.91071052
     4170  0.92670157  1.01017794
     4171  0.85863874  0.90906660
     4172  0.93717277  0.93936180
     4173  0.94240838  0.70351204
     4174  0.91623037  1.48460569
     4175  0.90052356  0.78753649
     4176  0.92670157  0.61258400
     4177  0.92670157  1.82587225
     4178  0.92670157  0.59361142
     4179  0.92670157  1.81446890
     4180  0.93717277  1.59593895
     4181  0.94240838  0.96997995
     4182  0.82198953  0.85422177
     4183  0.31937173  0.51940298
     4184  0.32460733  0.91448575
     4185  0.32460733  1.53733161
     4186  0.32460733  1.59036656
     4187  0.82198953  1.07501886
     4188  0.82198953  1.08491217
     4189  0.82198953  0.78253006
     4190  0.93193717  0.78372551
     4191  0.92146597  0.96190406
     4192  0.92146597  0.95908658
     4193  0.92146597  1.80941803
     4194  0.92146597  0.92930573
     4195  0.92146597  1.02718652
     4196  0.92146597  1.51108806
     4197  0.92146597  1.17227389
     4198  0.91099476  0.83536769
     4199  0.86910995  1.90591556
     4200  0.87434555  0.75645409
     4201  0.86910995  0.99766976
     4202  0.57591623  1.50283224
     4203  0.59685864  1.41484301
     4204  0.59685864  1.38648441
     4205  0.59162304  0.81674507
     4206  0.51832461  1.33838209
     4207  0.08900524  2.00000000
     4208  0.40837696  1.90104090
     4209  0.39790576  1.64989617
     4210  0.40837696  1.42598480
     4211  0.40837696  2.00000000
     4212  0.40837696  2.00000000
     4213  0.40837696  1.80232203
     4214  0.40837696  1.00047431
     4215  0.40837696  1.90104090
     4216  0.40837696  1.22065016
     4217  0.40837696  2.00000000
     4218  0.40837696  1.46717849
     4219  0.40837696  1.72948755
     4220  0.40837696  1.24674721
     4221  0.39267016  1.13710643
     4222  0.39790576  1.76012617
     4223  0.34554974  1.88672570
     4224  0.42408377  1.49674167
     4225  0.42931937  1.31356183
     4226  0.42931937  1.71880620
     4227  0.42931937  1.44558449
     4228  0.42931937  1.07297201
     4229  0.42931937  1.39939142
     4230  0.42931937  1.48575328
     4231  0.42931937  1.40164844
     4232  0.42931937  1.62467438
     4233  0.42408377  1.00010995
     4234  0.42931937  1.57919051
     4235  0.42931937  1.90498275
     4236  0.42931937  2.00000000
     4237  0.42931937  1.73999286
     4238  0.42931937  1.49508567
     4239  0.41361257  1.28607948
     4240  0.16230366  0.70896425
     4241  0.42931937  0.94335472
     4242  0.42931937  1.66869439
     4243  0.42931937  1.36920292
     4244  0.42408377  0.99571555
     4245  0.42408377  2.00000000
     4246  0.42931937  0.85255053
     4247  0.42931937  1.02245008
     4248  0.42931937  1.10049219
     4249  0.42408377  1.46078366
     4250  0.42408377  1.66573187
     4251  0.42931937  1.45551113
     4252  0.42931937  1.55516130
     4253  0.41884817  1.80633907
     4254  0.42931937  1.83457297
     4255  0.42931937  1.57479106
     4256  0.42931937  1.57479106
     4257  0.42931937  1.40003160
     4258  0.42931937  1.67923166
     4259  0.42931937  1.71880620
     4260  0.42931937  1.90498275
     4261  0.25130890  1.34164858
     4262  0.42931937  1.62235368
     4263  0.42931937  1.90498275
     4264  0.42931937  1.73999286
     4265  0.42931937  1.57589389
     4266  0.42931937  1.37701629
     4267  0.42931937  1.24707161
     4268  0.42931937  1.90498275
     4269  0.42931937  1.62467438
     4270  0.42931937  1.83457297
     4271  0.42931937  2.00000000
     4272  0.42931937  1.16099594
     4273  0.42931937  1.48575328
     4274  0.42408377  1.90402960
     4275  0.42931937  1.10049219
     4276  0.42931937  1.62235368
     4277  0.42931937  1.22033742
     4278  0.42931937  1.62235368
     4279  0.42931937  0.89434058
     4280  0.10471204  1.71360304
     4281  0.11518325  0.79278997
     4282  0.11518325  1.02397935
     4283  0.11518325  1.46959392
     4284  0.11518325  0.49777975
     4285  0.11518325  1.16845645
     4286  0.11518325  0.90420474
     4287  0.11518325  0.48016086
     4288  0.11518325  0.65798078
     4289  0.10994764  0.66033574
     4290  0.08900524  1.47744063
     4291  0.09424084  0.94705924
     4292  0.09424084  1.14759482
     4293  0.01570681  1.08170417
     4294  0.01570681  1.08170417
     4295  0.01570681  2.00000000
     4296  0.01570681  2.00000000
     4297  0.01570681  1.08170417
     4298  0.01570681  1.08170417
     4299  0.01047120  2.00000000
     4300  0.01570681  2.00000000
     4301  0.01570681  2.00000000
     4302  0.01047120  1.00000000
     4303  0.01047120  1.00000000
     4304  0.01047120  2.00000000
     4305  0.01047120  2.00000000
     4306  0.01047120  2.00000000
     4307  0.01047120  2.00000000
     4308  0.01047120  2.00000000
     4309  0.01047120  2.00000000
     4310  0.01047120  1.00000000
     4311  0.01047120  1.00000000
     4312  0.01047120  1.00000000
     4313  0.01047120  1.00000000
     4314  0.01047120  1.00000000
     4315  0.01047120  1.00000000
     4316  0.01047120  1.00000000
     4317  0.01047120  1.00000000
     4318  0.01047120  1.00000000
     4319  0.01047120  1.00000000
     4320  0.01047120  1.00000000
     4321  0.01047120  1.00000000
     4322  0.01047120  1.00000000
     4323  0.02094241  0.50000000
     4324  0.01570681  1.08170417
     4325  0.01570681  1.08170417
     4326  0.02094241  1.18872188
     4327  0.02094241  1.18872188
     4328  0.02094241  1.18872188
     4329  0.02094241  1.18872188
     4330  0.06806283  1.60875644
     4331  0.06806283  2.00000000
     4332  0.06806283  1.60875644
     4333  0.06806283  1.60875644
     4334  0.06806283  1.10950836
     4335  0.06806283  2.00000000
     4336  0.06806283  1.38061781
     4337  0.06806283  0.76109874
     4338  0.06806283  1.10950836
     4339  0.06806283  2.00000000
     4340  0.06806283  1.03876340
     4341  0.01047120  1.00000000
     4342  0.01570681  2.00000000
     4343  0.02617801  1.27807191
     4344  0.42408377  0.86451586
     4345  0.42408377  1.62116840
     4346  0.42408377  1.34091321
     4347  0.41361257  0.81643487
     4348  0.41361257  1.24871342
     4349  0.41361257  1.48089631
     4350  0.42408377  1.34205864
     4351  0.42408377  1.62116840
     4352  0.42408377  1.01539663
     4353  0.42408377  1.61905341
     4354  0.42931937  1.66869439
     4355  0.42408377  1.77146186
     4356  0.42408377  1.66684831
     4357  0.42408377  1.77146186
     4358  0.42931937  1.34664769
     4359  0.42931937  1.31789840
     4360  0.42931937  1.15009781
     4361  0.42931937  1.21264444
     4362  0.42931937  0.41777843
     4363  0.00523560  2.00000000
     4364  0.42931937  1.40786172
     4365  0.42931937  1.19676394
     4366  0.42931937  1.40786172
     4367  0.42931937  1.62467438
     4368  0.42931937  1.30717650
     4369  0.42931937  1.83457297
     4370  0.42931937  1.50082016
     4371  0.42931937  0.87485759
     4372  0.41884817  1.80633907
     4373  0.41884817  0.82146408
     4374  0.42931937  1.90498275
     4375  0.42931937  1.90498275
     4376  0.42931937  1.62467438
     4377  0.40314136  1.59021979
     4378  0.40314136  1.55444203
     4379  0.42931937  1.27724299
     4380  0.42931937  1.52868186
     4381  0.42931937  1.64563547
     4382  0.42931937  1.81018272
     4383  0.42931937  1.62467438
     4384  0.42931937  1.62467438
     4385  0.42931937  1.71880620
     4386  0.42931937  1.62467438
     4387  0.42931937  1.77358905
     4388  0.42931937  1.77358905
     4389  0.42931937  1.83457297
     4390  0.42931937  2.00000000
     4391  0.42931937  1.66869439
     4392  0.42931937  1.62467438
     4393  0.42408377  1.90402960
     4394  0.42408377  1.71623103
     4395  0.42408377  2.00000000
     4396  0.42408377  1.44082407
     4397  0.42408377  1.57559486
     4398  0.42931937  0.78389184
     4399  0.42931937  0.80258805
     4400  0.40837696  1.53811830
     4401  0.40837696  1.20156230
     4402  0.41361257  1.71092054
     4403  0.41361257  1.29879342
     4404  0.40837696  1.70818174
     4405  0.40837696  1.32342070
     4406  0.42931937  1.71880620
     4407  0.42931937  1.62467438
     4408  0.42931937  1.62467438
     4409  0.42931937  1.41694406
     4410  0.42931937  0.53878396
     4411  0.42931937  1.53878396
     4412  0.42931937  2.00000000
     4413  0.42931937  0.84520940
     4414  0.42931937  1.62467438
     4415  0.40837696  1.29372591
     4416  0.40837696  1.53183336
     4417  0.40837696  1.53811830
     4418  0.40837696  1.82796305
     4419  0.42931937  1.44122298
     4420  0.42931937  1.24564746
     4421  0.42931937  2.00000000
     4422  0.42931937  1.26500667
     4423  0.42931937  1.20548734
     4424  0.42408377  1.51096838
     4425  0.42931937  0.74701839
     4426  0.42931937  1.57589389
     4427  0.40314136  1.24040499
     4428  0.40314136  1.60518515
     4429  0.40314136  1.31060744
     4430  0.40314136  1.89999906
     4431  0.40314136  1.89999906
     4432  0.39790576  1.65982890
     4433  0.42408377  0.81261320
     4434  0.42408377  0.94026723
     4435  0.42408377  1.40665411
     4436  0.42408377  1.52634014
     4437  0.41884817  1.83133907
     4438  0.41884817  1.71360304
     4439  0.41361257  0.73786017
     4440  0.41361257  1.71092054
     4441  0.32984293  1.45882691
     4442  0.32984293  1.17371965
     4443  0.32984293  1.65884611
     4444  0.31937173  1.59092686
     4445  0.41361257  1.50143546
     4446  0.41361257  0.93164198
     4447  0.41884817  1.56758943
     4448  0.41884817  1.03059015
     4449  0.41884817  0.92482062
     4450  0.42931937  0.78389184
     4451  0.42931937  0.85623680
     4452  0.42931937  1.49508567
     4453  0.04712042  1.00892394
     4454  0.41361257  1.76707214
     4455  0.40837696  1.76480662
     4456  0.40314136  1.89999906
     4457  0.40314136  2.00000000
     4458  0.37172775  1.89320797
     4459  0.37172775  1.89320797
     4460  0.38219895  1.50132486
     4461  0.38743455  1.69097968
     4462  0.38219895  2.00000000
     4463  0.38219895  0.52764461
     4464  0.38219895  1.06352175
     4465  0.38219895  1.24133614
     4466  0.37696335  2.00000000
     4467  0.36649215  1.09570587
     4468  0.11518325  1.09760672
     4469  0.10471204  0.48711238
     4470  0.10471204  1.06593194
     4471  0.10471204  0.81162363
     4472  0.08376963  0.72821778
     4473  0.34554974  1.57924484
     4474  0.34031414  1.55587395
     4475  0.39267016  1.89784196
     4476  0.38743455  1.79371691
     4477  0.38743455  1.12233584
     4478  0.38743455  1.79371691
     4479  0.38743455  1.22790512
     4480  0.38743455  0.82449976
     4481  0.39267016  2.00000000
     4482  0.39267016  1.89784196
     4483  0.40837696  1.00034481
     4484  0.40837696  2.00000000
     4485  0.02094241  2.00000000
     4486  0.02094241  2.00000000
     4487  0.02094241  1.18872188
     4488  0.06806283  2.00000000
     4489  0.06806283  2.00000000
     4490  0.06806283  2.00000000
     4491  0.06806283  2.00000000
     4492  0.06806283  2.00000000
     4493  0.06806283  2.00000000
     4494  0.06806283  2.00000000
     4495  0.06806283  2.00000000
     4496  0.06806283  2.00000000
     4497  0.40314136  1.23841221
     4498  0.40837696  1.90104090
     4499  0.40837696  1.90104090
     4500  0.40837696  1.90104090
     4501  0.40837696  2.00000000
     4502  0.40837696  1.90104090
     4503  0.40837696  0.97837691
     4504  0.40837696  1.76480662
     4505  0.40837696  1.55875471
     4506  0.40837696  2.00000000
     4507  0.40837696  2.00000000
     4508  0.40837696  0.92851326
     4509  0.40837696  1.22065016
     4510  0.40837696  2.00000000
     4511  0.40837696  1.00034481
     4512  0.40837696  0.32578870
     4513  0.09424084  2.00000000
     4514  0.09424084  1.23579549
     4515  0.02094241  2.00000000
     4516  0.02094241  2.00000000
     4517  0.02094241  2.00000000
     4518  0.02094241  2.00000000
     4519  0.02094241  2.00000000
     4520  0.02094241  1.18872188
     4521  0.02094241  1.18872188
     4522  0.40837696  1.76480662
     4523  0.40837696  2.00000000
     4524  0.40837696  1.35110107
     4525  0.40837696  2.00000000
     4526  0.40837696  1.42598480
     4527  0.40837696  1.70818174
     4528  0.40837696  1.61020282
     4529  0.40837696  1.29372591
     4530  0.40837696  1.46717849
     4531  0.40837696  2.00000000
     4532  0.40837696  1.90104090
     4533  0.40314136  1.31123496
     4534  0.40837696  1.35495000
     4535  0.40314136  2.00000000
     4536  0.40314136  2.00000000
     4537  0.40837696  2.00000000
     4538  0.40837696  2.00000000
     4539  0.40837696  1.90104090
     4540  0.40837696  1.70818174
     4541  0.40837696  1.70818174
     4542  0.40837696  1.82796305
     4543  0.40837696  2.00000000
     4544  0.40314136  2.00000000
     4545  0.40837696  0.76396779
     4546  0.40837696  2.00000000
     4547  0.40837696  1.41308142
     4548  0.01047120  2.00000000
     4549  0.01047120  2.00000000
     4550  0.01047120  2.00000000
     4551  0.01047120  2.00000000
     4552  0.01047120  2.00000000
     4553  0.01047120  2.00000000
     4554  0.37696335  2.00000000
     4555  0.39790576  1.00800760
     4556  0.04188482  1.18872188
     4557  0.42408377  2.00000000
     4558  0.42408377  1.47631283
     4559  0.41884817  1.56693677
     4560  0.42408377  0.82705311
     4561  0.41884817  1.80633907
     4562  0.41884817  1.71360304
     4563  0.41884817  1.16643412
     4564  0.41884817  1.23753286
     4565  0.41884817  0.68176294
     4566  0.41884817  0.97543893
     4567  0.41361257  1.82966942
     4568  0.41361257  1.65962671
     4569  0.41884817  1.40661603
     4570  0.42408377  1.61905341
     4571  0.39790576  1.89893304
     4572  0.41361257  1.90205942
     4573  0.41361257  2.00000000
     4574  0.41361257  1.82966942
     4575  0.41884817  1.40112491
     4576  0.41884817  0.19786784
     4577  0.41884817  0.93493260
     4578  0.42931937  1.83457297
     4579  0.42931937  1.90498275
     4580  0.42408377  1.90402960
     4581  0.40314136  1.76249186
     4582  0.40314136  1.82621868
     4583  0.40314136  2.00000000
     4584  0.40314136  1.36382533
     4585  0.40314136  1.00286148
     4586  0.39267016  1.64627525
     4587  0.39267016  1.33472648
     4588  0.38743455  1.59402296
     4589  0.42931937  2.00000000
     4590  0.42931937  1.39204352
     4591  0.42931937  1.57919051
     4592  0.42931937  1.06104157
     4593  0.42931937  0.91784100
     4594  0.42931937  1.07322266
     4595  0.40314136  0.52364424
     4596  0.42931937  0.85801127
     4597  0.42931937  0.78389184
     4598  0.42931937  1.00682539
     4599  0.42408377  0.91679094
     4600  0.42931937  1.34664769
     4601  0.42931937  1.26500667
     4602  0.32460733  1.79440749
     4603  0.20418848  0.78487362
     4604  0.41884817  1.83133907
     4605  0.41884817  1.73485395
     4606  0.41884817  1.66270993
     4607  0.41884817  0.96164166
     4608  0.41884817  1.26601851
     4609  0.42931937  0.65475469
     4610  0.42931937  1.23960682
     4611  0.40837696  0.94644870
     4612  0.41361257  1.33437544
     4613  0.42931937  0.85992158
     4614  0.42931937  1.49508567
     4615  0.42408377  1.24730538
     4616  0.39790576  1.38469696
     4617  0.34554974  1.51208201
     4618  0.31937173  1.59761706
     4619  0.32984293  1.16675737
     4620  0.03141361  0.74837083
     4621  0.03141361  1.08170417
     4622  0.03141361  1.34997758
     4623  0.03141361  2.00000000
     4624  0.03141361  2.00000000
     4625  0.38743455  1.61554408
     4626  0.39267016  1.45224078
     4627  0.38219895  1.18921580
     4628  0.38743455  0.67543198
     4629  0.39267016  1.32371180
     4630  0.42408377  1.54497934
     4631  0.41884817  0.30563824
     4632  0.41884817  1.14918566
     4633  0.41884817  1.80633907
     4634  0.41884817  0.64388731
     4635  0.42931937  0.93561156
     4636  0.42931937  1.48575328
     4637  0.39790576  1.65982890
     4638  0.39790576  0.90956976
     4639  0.38219895  1.50132486
     4640  0.37696335  1.75011771
     4641  0.08900524  0.71039144
     4642  0.40314136  1.56050301
     4643  0.40314136  1.24999922
     4644  0.39267016  1.59782081
     4645  0.41361257  1.54251283
     4646  0.41884817  1.38161603
     4647  0.42931937  0.81416669
     4648  0.41361257  1.51576830
     4649  0.41361257  1.61393506
     4650  0.41361257  1.38374424
     4651  0.42408377  1.77146186
     4652  0.42408377  1.66573187
     4653  0.42408377  0.93629678
     4654  0.42931937  1.06948983
     4655  0.42931937  1.21134369
     4656  0.42931937  1.71880620
     4657  0.42931937  1.71880620
     4658  0.42931937  1.37234222
     4659  0.42931937  1.21197599
     4660  0.42931937  1.25039100
     4661  0.42931937  1.43129913
     4662  0.42931937  1.02192722
     4663  0.42931937  1.34310508
     4664  0.42931937  1.02717228
     4665  0.40837696  0.60911698
     4666  0.40837696  0.99264971
     4667  0.40837696  1.03792190
     4668  0.40837696  1.37876058
     4669  0.39267016  1.01983838
     4670  0.38219895  0.83124890
     4671  0.37696335  1.08475645
     4672  0.36649215  1.74475789
     4673  0.36649215  1.26192581
     4674  0.35602094  1.17911695
     4675  0.39267016  0.72212014
     4676  0.39790576  0.98136804
     4677  0.03664921  1.01477186
     4678  0.03664921  1.13687943
     4679  0.03664921  0.62121651
     4680  0.03664921  0.62121651
     4681  0.35078534  1.56316710
     4682  0.34554974  1.16130897
     4683  0.40837696  1.31695367
     4684  0.41361257  1.32605313
     4685  0.38743455  1.34545945
     4686  0.38743455  1.82074393
     4687  0.41361257  2.00000000
     4688  0.02094241  2.00000000
     4689  0.02094241  2.00000000
     4690  0.02094241  2.00000000
     4691  0.02094241  2.00000000
     4692  0.02094241  2.00000000
     4693  0.02094241  2.00000000
     4694  0.02094241  2.00000000
     4695  0.02094241  2.00000000
     4696  0.02094241  2.00000000
     4697  0.02094241  2.00000000
     4698  0.02094241  2.00000000
     4699  0.02094241  2.00000000
     4700  0.02094241  2.00000000
     4701  0.02094241  1.18872188
     4702  0.02094241  2.00000000
     4703  0.02094241  2.00000000
     4704  0.02094241  2.00000000
     4705  0.02094241  2.00000000
     4706  0.01570681  2.00000000
     4707  0.01570681  2.00000000
     4708  0.01570681  2.00000000
     4709  0.01570681  2.00000000
     4710  0.01570681  2.00000000
     4711  0.02094241  2.00000000
     4712  0.02094241  2.00000000
     4713  0.02094241  2.00000000
     4714  0.02094241  2.00000000
     4715  0.02094241  2.00000000
     4716  0.02094241  2.00000000
     4717  0.02094241  2.00000000
     4718  0.02094241  2.00000000
     4719  0.02094241  2.00000000
     4720  0.02094241  2.00000000
     4721  0.02094241  2.00000000
     4722  0.02094241  1.18872188
     4723  0.01047120  2.00000000
     4724  0.01047120  2.00000000
     4725  0.01047120  2.00000000
     4726  0.01047120  2.00000000
     4727  0.01047120  2.00000000
     4728  0.01047120  2.00000000
     4729  0.02094241  2.00000000
     4730  0.02094241  1.18872188
     4731  0.02094241  2.00000000
     4732  0.02094241  1.18872188
     4733  0.02094241  2.00000000
     4734  0.02094241  1.18872188
     4735  0.02094241  2.00000000
     4736  0.02094241  2.00000000
     4737  0.02094241  2.00000000
     4738  0.02094241  1.18872188
     4739  0.02094241  2.00000000
     4740  0.02094241  1.00000000
     4741  0.02094241  2.00000000
     4742  0.02094241  2.00000000
     4743  0.02094241  2.00000000
     4744  0.02094241  2.00000000
     4745  0.02094241  2.00000000
     4746  0.02094241  2.00000000
     4747  0.02094241  2.00000000
     4748  0.02094241  1.18872188
     4749  0.02094241  1.00000000
     4750  0.02094241  2.00000000
     4751  0.02094241  1.18872188
     4752  0.02094241  2.00000000
     4753  0.02094241  2.00000000
     4754  0.02094241  1.18872188
     4755  0.02094241  2.00000000
     4756  0.02094241  1.18872188
     4757  0.02094241  1.18872188
     4758  0.02094241  1.18872188
     4759  0.02094241  1.18872188
     4760  0.00523560  2.00000000
     4761  0.00523560  2.00000000
     4762  0.01047120  2.00000000
     4763  0.01047120  2.00000000
     4764  0.40837696  1.25580579
     4765  0.41361257  0.63871557
     4766  0.40837696  0.56088291
     4767  0.40314136  1.34554194
     4768  0.41361257  1.80435297
     4769  0.41361257  0.97740810
     4770  0.35602094  0.97022661
     4771  0.35602094  1.07287379
     4772  0.35602094  1.13351105
     4773  0.42408377  1.57178569
     4774  0.42408377  1.00552478
     4775  0.42931937  0.75992015
     4776  0.30890052  1.52013534
     4777  0.30890052  0.60089268
     4778  0.12041885  1.33342164
     4779  0.11518325  1.31596156
     4780  0.11518325  0.60538302
     4781  0.42931937  1.22543213
     4782  0.42931937  0.93238675
     4783  0.42408377  0.94026723
     4784  0.42408377  1.90402960
     4785  0.42931937  0.67974078
     4786  0.42931937  1.31514764
     4787  0.42931937  1.62467438
     4788  0.42931937  2.00000000
     4789  0.42931937  1.55516130
     4790  0.42931937  1.90498275
     4791  0.42931937  1.71880620
     4792  0.42931937  1.26367697
     4793  0.42931937  1.90498275
     4794  0.42931937  1.24072422
     4795  0.42931937  0.39939685
     4796  0.42931937  1.71880620
     4797  0.10471204  1.27807191
     4798  0.10471204  1.27807191
     4799  0.10994764  1.29753345
     4800  0.10994764  1.20814165
     4801  0.10994764  1.03625401
     4802  0.10994764  2.00000000
     4803  0.42408377  1.71623103
     4804  0.42408377  1.62116840
     4805  0.42408377  1.00539402
     4806  0.42408377  1.55103150
     4807  0.42408377  0.77500334
     4808  0.42408377  2.00000000
     4809  0.42408377  2.00000000
     4810  0.42408377  1.71623103
     4811  0.42408377  1.73745090
     4812  0.42408377  0.97045358
     4813  0.42408377  2.00000000
     4814  0.42408377  1.55103150
     4815  0.42408377  1.50100419
     4816  0.42408377  0.72933598
     4817  0.42408377  1.67616791
     4818  0.42408377  1.71623103
     4819  0.42408377  1.57559486
     4820  0.41884817  1.76929004
     4821  0.42408377  1.39470879
     4822  0.41884817  1.76929004
     4823  0.41884817  1.76929004
     4824  0.41884817  0.97392416
     4825  0.41884817  1.25376570
     4826  0.41884817  1.13882945
     4827  0.42931937  1.53878396
     4828  0.42408377  0.89573370
     4829  0.42408377  1.71623103
     4830  0.41361257  1.90205942
     4831  0.42931937  1.66869439
     4832  0.42408377  1.66573187
     4833  0.42408377  1.49045168
     4834  0.42408377  2.00000000
     4835  0.42931937  1.90498275
     4836  0.42931937  1.02764054
     4837  0.42931937  1.81018272
     4838  0.42408377  1.46078366
     4839  0.42408377  1.62116840
     4840  0.42408377  1.77146186
     4841  0.41884817  1.90305539
     4842  0.41884817  1.54681627
     4843  0.41884817  2.00000000
     4844  0.33507853  2.00000000
     4845  0.42408377  0.96907686
     4846  0.41884817  1.44515900
     4847  0.42931937  1.62467438
     4848  0.42408377  1.71623103
     4849  0.42408377  1.62116840
     4850  0.41884817  1.90305539
     4851  0.40837696  1.70818174
     4852  0.42408377  1.90402960
     4853  0.42408377  0.92664030
     4854  0.42408377  1.12278528
     4855  0.42931937  1.50550949
     4856  0.41361257  1.20411873
     4857  0.42931937  1.83457297
     4858  0.42931937  1.19679169
     4859  0.42408377  1.66684831
     4860  0.40314136  1.65343674
     4861  0.41884817  1.45128682
     4862  0.41884817  1.76929004
     4863  0.41884817  1.71360304
     4864  0.41884817  1.83133907
     4865  0.41884817  1.83133907
     4866  0.34554974  1.67015393
     4867  0.34554974  2.00000000
     4868  0.42408377  1.83297320
     4869  0.42408377  1.17437347
     4870  0.42408377  1.71623103
     4871  0.42408377  1.61905341
     4872  0.42931937  0.93789889
     4873  0.42931937  1.57919051
     4874  0.42931937  1.17919975
     4875  0.42931937  1.14388537
     4876  0.42931937  1.73999286
     4877  0.42931937  1.57919051
     4878  0.42931937  2.00000000
     4879  0.39267016  1.65634042
     4880  0.42931937  1.71880620
     4881  0.42931937  1.44122298
     4882  0.42931937  1.53878396
     4883  0.42931937  1.31356183
     4884  0.41884817  0.91841073
     4885  0.41884817  1.61568846
     4886  0.01570681  2.00000000
     4887  0.40837696  1.65689969
     4888  0.40837696  1.31661446
     4889  0.41884817  1.36619454
     4890  0.36649215  1.25040474
     4891  0.36649215  1.89197680
     4892  0.36649215  2.00000000
     4893  0.37172775  1.53548506
     4894  0.37172775  1.31187228
     4895  0.41884817  1.49258904
     4896  0.42408377  1.49674167
     4897  0.42408377  1.61905341
     4898  0.42408377  1.57559486
     4899  0.42408377  1.83297320
     4900  0.42408377  1.33584067
     4901  0.42408377  1.44066507
     4902  0.42408377  1.17910960
     4903  0.41884817  1.07525237
     4904  0.41884817  1.39781111
     4905  0.41884817  2.00000000
     4906  0.41884817  1.61568846
     4907  0.41884817  2.00000000
     4908  0.41884817  1.83133907
     4909  0.41884817  1.54681627
     4910  0.41884817  1.38109298
     4911  0.41884817  1.90305539
     4912  0.41884817  1.61758943
     4913  0.41884817  1.61758943
     4914  0.41884817  1.66270993
     4915  0.41884817  1.90305539
     4916  0.41884817  1.90305539
     4917  0.41361257  2.00000000
     4918  0.38219895  1.10106221
     4919  0.38743455  1.57761522
     4920  0.38743455  1.40263501
     4921  0.38743455  1.29668052
     4922  0.41361257  2.00000000
     4923  0.40837696  1.53811830
     4924  0.40837696  2.00000000
     4925  0.40837696  2.00000000
     4926  0.40837696  1.65648026
     4927  0.40837696  2.00000000
     4928  0.40837696  1.61020282
     4929  0.40837696  1.61020282
     4930  0.40837696  0.76694342
     4931  0.35602094  0.36096058
     4932  0.35078534  1.54458333
     4933  0.40314136  1.23889853
     4934  0.40314136  1.89999906
     4935  0.40314136  1.65326853
     4936  0.40314136  1.60639008
     4937  0.40314136  1.47966538
     4938  0.40314136  1.70538479
     4939  0.39790576  1.60249414
     4940  0.39790576  1.60249414
     4941  0.39790576  1.52904369
     4942  0.39790576  1.40927608
     4943  0.39267016  0.64985644
     4944  0.38743455  1.17133414
     4945  0.38743455  1.29668052
     4946  0.38743455  1.35431110
     4947  0.38219895  1.44969461
     4948  0.38219895  1.48743280
     4949  0.37696335  1.48234837
     4950  0.37696335  1.44408605
     4951  0.37696335  1.50965850
     4952  0.37172775  1.63250151
     4953  0.36649215  1.57799948
     4954  0.35078534  1.43435656
     4955  0.35078534  1.73622256
     4956  0.34554974  1.61294858
     4957  0.34031414  1.60875644
     4958  0.32460733  1.72049445
     4959  0.31937173  1.46617866
     4960  0.27748691  1.48110219
     4961  0.27225131  1.62880610
     4962  0.26701571  1.44205971
     4963  0.26701571  1.44205971
     4964  0.26178010  1.75770781
     4965  0.25130890  1.50284982
     4966  0.23560209  1.43391651
     4967  0.23036649  1.73323501
     4968  0.22513089  1.41398377
     4969  0.21989529  1.56317511
     4970  0.21465969  1.71880620
     4971  0.19895288  1.70252775
     4972  0.17801047  1.80856675
     4973  0.14659686  1.29243035
     4974  0.12565445  2.00000000
     4975  0.10994764  2.00000000
     4976  0.09424084  1.49674167
     4977  0.08900524  2.00000000
     4978  0.08376963  1.45643556
     4979  0.08376963  1.45643556
     4980  0.07853403  1.43349049
     4981  0.07329843  2.00000000
     4982  0.06282723  1.34997758
     4983  0.04712042  1.23579549
     4984  0.04712042  1.23579549
     4985  0.04188482  2.00000000
     4986  0.04188482  2.00000000
     4987  0.03664921  1.13687943
     4988  0.03664921  2.00000000
     4989  0.02094241  1.18872188
     4990  0.02617801  2.00000000
     4991  0.02617801  1.02904941
     4992  0.02617801  1.02904941
     4993  0.02617801  1.02904941
     4994  0.02617801  1.02904941
     4995  0.02617801  1.02904941
     4996  0.02617801  2.00000000
     4997  0.02617801  1.02904941
     4998  0.01570681  1.08170417
     4999  0.01570681  2.00000000
     5000  0.01570681  1.08170417
     5001  0.01570681  2.00000000
     5002  0.01570681  2.00000000
     5003  0.01570681  1.08170417
     5004  0.01570681  1.08170417
     5005  0.01570681  1.08170417
     5006  0.01047120  2.00000000
     5007  0.01047120  2.00000000
     5008  0.01047120  2.00000000
     5009  0.01047120  2.00000000
     5010  0.01047120  2.00000000
     5011  0.01047120  2.00000000
     5012  0.01047120  2.00000000
     5013  0.01047120  2.00000000
     5014  0.01047120  2.00000000
     5015  0.01047120  2.00000000
     5016  0.01047120  2.00000000
     5017  0.01047120  1.00000000
     5018  0.01047120  2.00000000
     5019  0.01047120  1.00000000
     5020  0.01047120  2.00000000
     5021  0.01047120  2.00000000
     5022  0.01047120  2.00000000
     5023  0.01047120  2.00000000
     5024  0.01047120  2.00000000
     5025  0.01047120  2.00000000
     5026  0.01047120  2.00000000
     5027  0.01047120  2.00000000
     5028  0.01047120  2.00000000
     5029  0.01047120  2.00000000
     5030  0.01047120  2.00000000
     5031  0.01047120  2.00000000
     5032  0.01047120  2.00000000
     5033  0.01047120  2.00000000
     5034  0.01047120  2.00000000
     5035  0.01047120  2.00000000
     5036  0.01047120  2.00000000
     5037  0.01047120  1.00000000
     5038  0.01047120  2.00000000
     5039  0.01047120  1.00000000
     5040  0.01047120  2.00000000
     5041  0.01047120  2.00000000
     5042  0.01047120  2.00000000
     5043  0.01047120  2.00000000
     5044  0.01047120  2.00000000
     5045  0.01047120  2.00000000
     5046  0.01047120  2.00000000
     5047  0.01047120  2.00000000
     5048  0.01047120  2.00000000
     5049  0.01047120  2.00000000
     5050  0.01047120  2.00000000
     5051  0.01047120  2.00000000
     5052  0.01047120  2.00000000
     5053  0.01047120  2.00000000
     5054  0.01047120  2.00000000
     5055  0.01047120  2.00000000
     5056  0.01047120  2.00000000
     5057  0.01047120  2.00000000
     5058  0.01047120  2.00000000
     5059  0.01047120  2.00000000
     5060  0.01047120  2.00000000
     5061  0.01047120  2.00000000
     5062  0.01047120  2.00000000
     5063  0.01047120  2.00000000
     5064  0.01047120  2.00000000
     5065  0.01047120  2.00000000
     5066  0.01047120  2.00000000
     5067  0.01047120  2.00000000
     5068  0.01047120  2.00000000
     5069  0.01047120  2.00000000
     5070  0.01047120  2.00000000
     5071  0.00523560  2.00000000
     5072  0.00523560  2.00000000
     5073  0.00523560  2.00000000
     5074  0.00523560  2.00000000
     5075  0.00523560  2.00000000
     5076  0.00523560  2.00000000
     5077  0.00523560  2.00000000
     5078  0.01047120  2.00000000
     5079  0.01047120  2.00000000
     5080  0.01047120  2.00000000
     5081  0.01047120  2.00000000
     5082  0.01047120  2.00000000
     5083  0.01047120  2.00000000
     5084  0.01047120  2.00000000
     5085  0.01047120  2.00000000
     5086  0.01047120  2.00000000
     5087  0.01047120  2.00000000
     5088  0.01047120  2.00000000
     5089  0.01047120  2.00000000
     5090  0.01047120  2.00000000
     5091  0.01047120  2.00000000
     5092  0.01047120  2.00000000
     5093  0.01047120  2.00000000
     5094  0.01047120  2.00000000
     5095  0.01047120  2.00000000
     5096  0.01047120  2.00000000
     5097  0.01047120  2.00000000
     5098  0.01047120  2.00000000
     5099  0.01047120  2.00000000
     5100  0.01047120  2.00000000
     5101  0.01047120  2.00000000
     5102  0.01047120  2.00000000
     5103  0.01047120  2.00000000
     5104  0.01047120  2.00000000
     5105  0.01047120  2.00000000
     5106  0.01047120  2.00000000
     5107  0.01047120  2.00000000
     5108  0.01047120  2.00000000
     5109  0.01047120  2.00000000
     5110  0.01047120  1.00000000
     5111  0.01047120  2.00000000
     5112  0.01047120  2.00000000
     5113  0.01047120  2.00000000
     5114  0.00523560  2.00000000

